profile_id,predicted_list
3,[0]
5,[0]
7,[0]
12,[0]
16,[0]
19,[0]
20,[0]
22,[0]
24,[0]
26,[0]
27,[0]
30,[0]
31,[0]
33,[0]
35,[0]
55,[0]
56,[0]
59,[0]
62,[0]
63,[0]
66,[0]
68,[0]
74,[0]
77,[0]
80,[0]
89,[0]
94,[0]
96,[0]
101,[0]
102,[0]
103,[0]
109,[0]
110,[0]
115,[0]
116,[0]
118,[0]
121,[0]
122,[0]
124,[0]
127,[0]
129,[0]
130,[0]
136,[0]
137,[0]
139,[0]
144,[0]
150,[0]
152,[0]
156,[0]
165,[0]
170,[0]
172,[0]
176,[0]
179,[0]
181,[0]
182,[0]
187,[0]
192,[0]
193,[0]
195,[0]
198,[0]
201,[0]
207,[0]
209,[0]
211,[0]
214,[0]
220,[0]
228,[0]
229,[0]
230,[0]
233,[0]
240,[0]
248,[0]
251,[0]
255,[0]
258,[0]
260,[0]
261,[0]
264,[0]
279,[0]
290,[0]
292,[0]
293,[0]
300,[0]
302,[0]
303,[0]
304,[0]
307,[0]
309,[0]
316,[0]
317,[0]
321,[0]
326,[0]
327,[0]
335,[0]
338,[0]
345,[0]
346,[0]
349,[0]
350,[0]
358,[0]
361,[0]
363,[0]
364,[0]
369,[0]
370,[0]
372,[0]
373,[0]
384,[0]
390,[0]
395,[0]
397,[0]
399,[0]
402,[0]
407,[0]
408,[0]
411,[0]
414,[0]
415,[0]
417,[0]
420,[0]
423,[0]
436,[0]
444,[0]
447,[0]
448,[0]
450,[0]
452,[0]
457,[0]
459,[0]
462,[0]
463,[0]
464,[0]
465,[0]
471,[0]
472,[0]
478,[0]
479,[0]
486,[0]
489,[0]
491,[0]
493,[0]
495,[0]
503,[0]
514,[0]
518,[0]
525,[0]
527,[0]
530,[0]
533,[0]
534,[0]
537,[0]
539,[0]
541,[0]
546,[0]
551,[0]
561,[0]
567,[0]
570,[0]
572,[0]
574,[0]
579,[0]
580,[0]
581,[0]
582,[0]
587,[0]
590,[0]
594,[0]
595,[0]
603,[0]
604,[0]
607,[0]
610,[0]
613,[0]
616,[0]
621,[0]
622,[0]
626,[0]
629,[0]
637,[0]
645,[0]
647,[0]
648,[0]
649,[0]
653,[0]
654,[0]
664,[0]
670,[0]
671,[0]
673,[0]
695,[0]
700,[0]
702,[0]
704,[0]
705,[0]
712,[0]
717,[0]
721,[0]
725,[0]
726,[0]
727,[0]
729,[0]
734,[0]
735,[0]
736,[0]
738,[0]
740,[0]
743,[0]
748,[0]
749,[0]
753,[0]
754,[0]
758,[0]
759,[0]
762,[0]
764,[0]
769,[0]
770,[0]
777,[0]
779,[0]
782,[0]
788,[0]
793,[0]
798,[0]
804,[0]
805,[0]
808,[0]
810,[0]
814,[0]
815,[0]
816,[0]
824,[0]
826,[0]
832,[0]
848,[0]
854,[0]
855,[0]
857,[0]
861,[0]
862,[0]
863,[0]
874,[0]
879,[0]
884,[0]
891,[0]
893,[0]
896,[0]
897,[0]
908,[0]
910,[0]
916,[0]
925,[0]
929,[0]
931,[0]
935,[0]
936,[0]
943,[0]
947,[0]
948,[0]
950,[0]
951,[0]
953,[0]
960,[0]
964,[0]
970,[0]
973,[0]
975,[0]
977,[0]
980,[0]
981,[0]
985,[0]
988,[0]
989,[0]
990,[0]
993,[0]
994,[0]
999,[0]
1002,[0]
1007,[0]
1012,[0]
1020,[0]
1024,[0]
1026,[0]
1027,[0]
1028,[0]
1033,[0]
1038,[0]
1039,[0]
1040,[0]
1042,[0]
1043,[0]
1046,[0]
1048,[0]
1049,[0]
1056,[0]
1058,[0]
1063,[0]
1066,[0]
1067,[0]
1069,[0]
1070,[0]
1072,[0]
1077,[0]
1078,[0]
1079,[0]
1080,[0]
1086,[0]
1087,[0]
1089,[0]
1097,[0]
1105,[0]
1106,[0]
1107,[0]
1108,[0]
1110,[0]
1111,[0]
1113,[0]
1116,[0]
1117,[0]
1120,[0]
1123,[0]
1124,[0]
1125,[0]
1130,[0]
1132,[0]
1137,[0]
1138,[0]
1142,[0]
1147,[0]
1148,[0]
1158,[0]
1163,[0]
1164,[0]
1166,[0]
1172,[0]
1175,[0]
1177,[0]
1178,[0]
1192,[0]
1194,[0]
1198,[0]
1208,[0]
1215,[0]
1216,[0]
1220,[0]
1221,[0]
1222,[0]
1223,[0]
1229,[0]
1231,[0]
1233,[0]
1236,[0]
1245,[0]
1259,[0]
1265,[0]
1269,[0]
1270,[0]
1277,[0]
1279,[0]
1282,[0]
1286,[0]
1287,[0]
1298,[0]
1299,[0]
1301,[0]
1306,[0]
1307,[0]
1309,[0]
1313,[0]
1315,[0]
1318,[0]
1322,[0]
1323,[0]
1325,[0]
1332,[0]
1334,[0]
1336,[0]
1337,[0]
1345,[0]
1346,[0]
1347,[0]
1348,[0]
1349,[0]
1352,[0]
1363,[0]
1364,[0]
1378,[0]
1381,[0]
1383,[0]
1385,[0]
1387,[0]
1388,[0]
1391,[0]
1392,[0]
1393,[0]
1395,[0]
1403,[0]
1404,[0]
1407,[0]
1408,[0]
1409,[0]
1410,[0]
1416,[0]
1417,[0]
1423,[0]
1424,[0]
1425,[0]
1428,[0]
1430,[0]
1440,[0]
1441,[0]
1442,[0]
1446,[0]
1450,[0]
1451,[0]
1452,[0]
1453,[0]
1454,[0]
1456,[0]
1457,[0]
1460,[0]
1463,[0]
1466,[0]
1480,[0]
1483,[0]
1484,[0]
1488,[0]
1489,[0]
1490,[0]
1493,[0]
1494,[0]
1495,[0]
1504,[0]
1506,[0]
1515,[0]
1520,[0]
1521,[0]
1522,[0]
1531,[0]
1532,[0]
1534,[0]
1538,[0]
1550,[0]
1551,[0]
1552,[0]
1554,[0]
1555,[0]
1562,[0]
1565,[0]
1571,[0]
1572,[0]
1575,[0]
1576,[0]
1582,[0]
1585,[0]
1591,[0]
1592,[0]
1603,[0]
1605,[0]
1606,[0]
1609,[0]
1610,[0]
1615,[0]
1619,[0]
1621,[0]
1623,[0]
1625,[0]
1631,[0]
1632,[0]
1633,[0]
1635,[0]
1639,[0]
1641,[0]
1645,[0]
1649,[0]
1650,[0]
1652,[0]
1653,[0]
1654,[0]
1667,[0]
1672,[0]
1673,[0]
1679,[0]
1681,[0]
1683,[0]
1684,[0]
1686,[0]
1691,[0]
1697,[0]
1700,[0]
1704,[0]
1705,[0]
1709,[0]
1713,[0]
1719,[0]
1726,[0]
1729,[0]
1738,[0]
1741,[0]
1743,[0]
1745,[0]
1747,[0]
1753,[0]
1763,[0]
1773,[0]
1776,[0]
1778,[0]
1781,[0]
1783,[0]
1786,[0]
1788,[0]
1790,[0]
1791,[0]
1795,[0]
1796,[0]
1799,[0]
1801,[0]
1802,[0]
1803,[0]
1804,[0]
1805,[0]
1806,[0]
1810,[0]
1812,[0]
1813,[0]
1814,[0]
1817,[0]
1821,[0]
1822,[0]
1823,[0]
1826,[0]
1833,[0]
1835,[0]
1846,[0]
1847,[0]
1850,[0]
1852,[0]
1853,[0]
1858,[0]
1871,[0]
1874,[0]
1876,[0]
1878,[0]
1882,[0]
1884,[0]
1888,[0]
1890,[0]
1900,[0]
1902,[0]
1905,[0]
1907,[0]
1908,[0]
1909,[0]
1911,[0]
1916,[0]
1917,[0]
1921,[0]
1922,[0]
1924,[0]
1925,[0]
1932,[0]
1937,[0]
1945,[0]
1948,[0]
1953,[0]
1954,[0]
1957,[0]
1959,[0]
1974,[0]
1981,[0]
1982,[0]
1984,[0]
1987,[0]
1988,[0]
1989,[0]
1992,[0]
1993,[0]
2000,[0]
2006,[0]
2008,[0]
2013,[0]
2014,[0]
2015,[0]
2021,[0]
2022,[0]
2026,[0]
2031,[0]
2032,[0]
2033,[0]
2038,[0]
2040,[0]
2041,[0]
2042,[0]
2046,[0]
2047,[0]
2053,[0]
2054,[0]
2055,[0]
2056,[0]
2057,[0]
2060,[0]
2072,[0]
2075,[0]
2079,[0]
2080,[0]
2081,[0]
2085,[0]
2086,[0]
2089,[0]
2090,[0]
2105,[0]
2106,[0]
2109,[0]
2110,[0]
2118,[0]
2119,[0]
2123,[0]
2124,[0]
2130,[0]
2131,[0]
2143,[0]
2145,[0]
2146,[0]
2148,[0]
2157,[0]
2161,[0]
2162,[0]
2168,[0]
2169,[0]
2171,[0]
2179,[0]
2190,[0]
2196,[0]
2199,[0]
2205,[0]
2206,[0]
2209,[0]
2210,[0]
2211,[0]
2213,[0]
2215,[0]
2217,[0]
2219,[0]
2224,[0]
2225,[0]
2227,[0]
2228,[0]
2229,[0]
2233,[0]
2238,[0]
2239,[0]
2240,[0]
2242,[0]
2243,[0]
2252,[0]
2254,[0]
2259,[0]
2266,[0]
2267,[0]
2270,[0]
2276,[0]
2277,[0]
2278,[0]
2281,[0]
2282,[0]
2293,[0]
2294,[0]
2300,[0]
2303,[0]
2308,[0]
2309,[0]
2310,[0]
2311,[0]
2315,[0]
2318,[0]
2322,[0]
2324,[0]
2326,[0]
2328,[0]
2330,[0]
2332,[0]
2334,[0]
2335,[0]
2336,[0]
2338,[0]
2341,[0]
2342,[0]
2348,[0]
2355,[0]
2362,[0]
2365,[0]
2366,[0]
2367,[0]
2374,[0]
2375,[0]
2379,[0]
2386,[0]
2390,[0]
2391,[0]
2394,[0]
2399,[0]
2401,[0]
2404,[0]
2405,[0]
2409,[0]
2410,[0]
2411,[0]
2414,[0]
2416,[0]
2417,[0]
2423,[0]
2425,[0]
2428,[0]
2431,[0]
2434,[0]
2440,[0]
2441,[0]
2447,[0]
2452,[0]
2460,[0]
2461,[0]
2466,[0]
2480,[0]
2481,[0]
2482,[0]
2485,[0]
2486,[0]
2495,[0]
2499,[0]
2507,[0]
2511,[0]
2514,[0]
2516,[0]
2523,[0]
2528,[0]
2529,[0]
2532,[0]
2533,[0]
2536,[0]
2540,[0]
2544,[0]
2550,[0]
2556,[0]
2559,[0]
2561,[0]
2565,[0]
2566,[0]
2570,[0]
2572,[0]
2573,[0]
2574,[0]
2575,[0]
2577,[0]
2578,[0]
2585,[0]
2595,[0]
2599,[0]
2603,[0]
2612,[0]
2616,[0]
2617,[0]
2622,[0]
2628,[0]
2629,[0]
2638,[0]
2641,[0]
2643,[0]
2648,[0]
2649,[0]
2653,[0]
2655,[0]
2657,[0]
2660,[0]
2664,[0]
2666,[0]
2669,[0]
2676,[0]
2681,[0]
2682,[0]
2683,[0]
2685,[0]
2692,[0]
2697,[0]
2703,[0]
2704,[0]
2705,[0]
2710,[0]
2713,[0]
2717,[0]
2721,[0]
2727,[0]
2730,[0]
2732,[0]
2734,[0]
2737,[0]
2742,[0]
2747,[0]
2748,[0]
2749,[0]
2752,[0]
2756,[0]
2765,[0]
2766,[0]
2768,[0]
2771,[0]
2772,[0]
2776,[0]
2777,[0]
2778,[0]
2788,[0]
2791,[0]
2792,[0]
2794,[0]
2795,[0]
2797,[0]
2798,[0]
2803,[0]
2808,[0]
2809,[0]
2818,[0]
2823,[0]
2828,[0]
2829,[0]
2832,[0]
2835,[0]
2838,[0]
2840,[0]
2842,[0]
2849,[0]
2854,[0]
2862,[0]
2865,[0]
2866,[0]
2869,[0]
2871,[0]
2877,[0]
2878,[0]
2888,[0]
2891,[0]
2893,[0]
2910,[0]
2914,[0]
2919,[0]
2928,[0]
2930,[0]
2934,[0]
2935,[0]
2937,[0]
2938,[0]
2941,[0]
2942,[0]
2943,[0]
2944,[0]
2947,[0]
2951,[0]
2958,[0]
2969,[0]
2972,[0]
2980,[0]
2984,[0]
2985,[0]
2992,[0]
2994,[0]
2997,[0]
3007,[0]
3011,[0]
3013,[0]
3016,[0]
3022,[0]
3023,[0]
3033,[0]
3035,[0]
3045,[0]
3046,[0]
3047,[0]
3053,[0]
3054,[0]
3056,[0]
3058,[0]
3061,[0]
3065,[0]
3068,[0]
3073,[0]
3080,[0]
3081,[0]
3083,[0]
3089,[0]
3090,[0]
3093,[0]
3097,[0]
3100,[0]
3107,[0]
3109,[0]
3116,[0]
3117,[0]
3118,[0]
3121,[0]
3124,[0]
3129,[0]
3137,[0]
3143,[0]
3146,[0]
3153,[0]
3159,[0]
3160,[0]
3162,[0]
3164,[0]
3165,[0]
3168,[0]
3175,[0]
3182,[0]
3188,[0]
3190,[0]
3191,[0]
3197,[0]
3199,[0]
3200,[0]
3203,[0]
3205,[0]
3213,[0]
3215,[0]
3216,[0]
3219,[0]
3223,[0]
3225,[0]
3226,[0]
3230,[0]
3234,[0]
3238,[0]
3241,[0]
3242,[0]
3245,[0]
3248,[0]
3249,[0]
3251,[0]
3256,[0]
3257,[0]
3259,[0]
3260,[0]
3261,[0]
3262,[0]
3266,[0]
3280,[0]
3283,[0]
3285,[0]
3288,[0]
3289,[0]
3291,[0]
3292,[0]
3303,[0]
3307,[0]
3308,[0]
3309,[0]
3318,[0]
3319,[0]
3322,[0]
3325,[0]
3328,[0]
3329,[0]
3330,[0]
3337,[0]
3338,[0]
3340,[0]
3342,[0]
3347,[0]
3348,[0]
3354,[0]
3355,[0]
3358,[0]
3362,[0]
3364,[0]
3365,[0]
3367,[0]
3368,[0]
3370,[0]
3371,[0]
3384,[0]
3385,[0]
3388,[0]
3390,[0]
3395,[0]
3397,[0]
3398,[0]
3400,[0]
3404,[0]
3405,[0]
3417,[0]
3419,[0]
3422,[0]
3423,[0]
3427,[0]
3432,[0]
3433,[0]
3443,[0]
3449,[0]
3451,[0]
3452,[0]
3460,[0]
3461,[0]
3463,[0]
3478,[0]
3488,[0]
3497,[0]
3503,[0]
3507,[0]
3508,[0]
3512,[0]
3516,[0]
3518,[0]
3519,[0]
3523,[0]
3528,[0]
3529,[0]
3543,[0]
3547,[0]
3556,[0]
3557,[0]
3559,[0]
3564,[0]
3567,[0]
3569,[0]
3574,[0]
3582,[0]
3583,[0]
3595,[0]
3596,[0]
3597,[0]
3601,[0]
3606,[0]
3607,[0]
3610,[0]
3611,[0]
3614,[0]
3616,[0]
3617,[0]
3621,[0]
3623,[0]
3624,[0]
3629,[0]
3635,[0]
3636,[0]
3637,[0]
3638,[0]
3642,[0]
3646,[0]
3650,[0]
3652,[0]
3654,[0]
3656,[0]
3664,[0]
3666,[0]
3667,[0]
3680,[0]
3691,[0]
3692,[0]
3695,[0]
3698,[0]
3700,[0]
3704,[0]
3710,[0]
3711,[0]
3714,[0]
3718,[0]
3721,[0]
3727,[0]
3734,[0]
3735,[0]
3739,[0]
3742,[0]
3743,[0]
3748,[0]
3749,[0]
3752,[0]
3758,[0]
3761,[0]
3762,[0]
3763,[0]
3766,[0]
3770,[0]
3772,[0]
3778,[0]
3782,[0]
3783,[0]
3787,[0]
3797,[0]
3812,[0]
3814,[0]
3818,[0]
3827,[0]
3829,[0]
3830,[0]
3831,[0]
3835,[0]
3838,[0]
3841,[0]
3843,[0]
3846,[0]
3847,[0]
3851,[0]
3852,[0]
3857,[0]
3862,[0]
3863,[0]
3866,[0]
3867,[0]
3868,[0]
3869,[0]
3871,[0]
3880,[0]
3881,[0]
3885,[0]
3894,[0]
3898,[0]
3900,[0]
3901,[0]
3908,[0]
3913,[0]
3914,[0]
3918,[0]
3919,[0]
3921,[0]
3926,[0]
3929,[0]
3931,[0]
3934,[0]
3943,[0]
3944,[0]
3945,[0]
3946,[0]
3947,[0]
3952,[0]
3954,[0]
3956,[0]
3958,[0]
3961,[0]
3966,[0]
3969,[0]
3971,[0]
3973,[0]
3974,[0]
3976,[0]
3977,[0]
3979,[0]
3984,[0]
3986,[0]
3988,[0]
3990,[0]
3991,[0]
3994,[0]
3996,[0]
3997,[0]
3999,[0]
4004,[0]
4005,[0]
4011,[0]
4015,[0]
4019,[0]
4021,[0]
4023,[0]
4025,[0]
4032,[0]
4039,[0]
4041,[0]
4042,[0]
4047,[0]
4048,[0]
4049,[0]
4051,[0]
4055,[0]
4058,[0]
4063,[0]
4067,[0]
4069,[0]
4071,[0]
4072,[0]
4073,[0]
4074,[0]
4082,[0]
4085,[0]
4088,[0]
4090,[0]
4092,[0]
4099,[0]
4106,[0]
4107,[0]
4109,[0]
4110,[0]
4111,[0]
4113,[0]
4117,[0]
4120,[0]
4123,[0]
4125,[0]
4126,[0]
4127,[0]
4134,[0]
4135,[0]
4136,[0]
4140,[0]
4145,[0]
4153,[0]
4159,[0]
4161,[0]
4163,[0]
4164,[0]
4165,[0]
4168,[0]
4174,[0]
4175,[0]
4188,[0]
4193,[0]
4197,[0]
4208,[0]
4211,[0]
4213,[0]
4218,[0]
4219,[0]
4221,[0]
4227,[0]
4228,[0]
4235,[0]
4241,[0]
4243,[0]
4244,[0]
4249,[0]
4254,[0]
4256,[0]
4259,[0]
4261,[0]
4265,[0]
4266,[0]
4270,[0]
4278,[0]
4279,[0]
4281,[0]
4282,[0]
4284,[0]
4289,[0]
4294,[0]
4295,[0]
4296,[0]
4298,[0]
4300,[0]
4303,[0]
4307,[0]
4313,[0]
4314,[0]
4317,[0]
4318,[0]
4320,[0]
4321,[0]
4322,[0]
4324,[0]
4325,[0]
4328,[0]
4329,[0]
4330,[0]
4347,[0]
4348,[0]
4363,[0]
4364,[0]
4371,[0]
4372,[0]
4374,[0]
4375,[0]
4376,[0]
4378,[0]
4379,[0]
4380,[0]
4384,[0]
4387,[0]
4388,[0]
4392,[0]
4396,[0]
4397,[0]
4398,[0]
4401,[0]
4405,[0]
4406,[0]
4407,[0]
4413,[0]
4416,[0]
4417,[0]
4421,[0]
4422,[0]
4425,[0]
4428,[0]
4431,[0]
4435,[0]
4436,[0]
4438,[0]
4444,[0]
4446,[0]
4452,[0]
4454,[0]
4459,[0]
4460,[0]
4464,[0]
4466,[0]
4477,[0]
4478,[0]
4479,[0]
4480,[0]
4483,[0]
4491,[0]
4506,[0]
4509,[0]
4513,[0]
4521,[0]
4522,[0]
4527,[0]
4530,[0]
4532,[0]
4535,[0]
4540,[0]
4545,[0]
4546,[0]
4552,[0]
4560,[0]
4561,[0]
4563,[0]
4568,[0]
4571,[0]
4575,[0]
4589,[0]
4591,[0]
4596,[0]
4599,[0]
4601,[0]
4602,[0]
4613,[0]
4614,[0]
4619,[0]
4623,[0]
4626,[0]
4630,[0]
4633,[0]
4635,[0]
4641,[0]
4643,[0]
4647,[0]
4651,[0]
4659,[0]
4662,[0]
4663,[0]
4666,[0]
4669,[0]
4671,[0]
4673,[0]
4676,[0]
4678,[0]
4681,[0]
4688,[0]
4689,[0]
4692,[0]
4699,[0]
4700,[0]
4701,[0]
4702,[0]
4704,[0]
4707,[0]
4708,[0]
4709,[0]
4711,[0]
4712,[0]
4713,[0]
4715,[0]
4724,[0]
4725,[0]
4731,[0]
4732,[0]
4733,[0]
4734,[0]
4737,[0]
4745,[0]
4747,[0]
4750,[0]
4752,[0]
4753,[0]
4754,[0]
4760,[0]
4764,[0]
4765,[0]
4767,[0]
4776,[0]
4781,[0]
4783,[0]
4785,[0]
4788,[0]
4793,[0]
4794,[0]
4799,[0]
4803,[0]
4805,[0]
4806,[0]
4808,[0]
4817,[0]
4821,[0]
4826,[0]
4827,[0]
4828,[0]
4829,[0]
4830,[0]
4833,[0]
4835,[0]
4841,[0]
4842,[0]
4850,[0]
4851,[0]
4872,[0]
4876,[0]
4879,[0]
4881,[0]
4893,[0]
4899,[0]
4901,[0]
4905,[0]
4906,[0]
4910,[0]
4913,[0]
4916,[0]
4918,[0]
4922,[0]
4931,[0]
4937,[0]
4945,[0]
4951,[0]
4953,[0]
4961,[0]
4968,[0]
4973,[0]
4976,[0]
4982,[0]
4992,[0]
4999,[0]
5000,[0]
5014,[0]
5017,[0]
5019,[0]
5021,[0]
5027,[0]
5030,[0]
5032,[0]
5033,[0]
5035,[0]
5038,[0]
5040,[0]
5042,[0]
5044,[0]
5047,[0]
5052,[0]
5053,[0]
5059,[0]
5063,[0]
5065,[0]
5068,[0]
5069,[0]
5071,[0]
5080,[0]
5082,[0]
5083,[0]
5089,[0]
5090,[0]
5094,[0]
5099,[0]
5103,[0]
5110,[0]
5111,[0]
5117,[0]
5120,[0]
5127,[0]
5129,[0]
5137,[0]
5142,[0]
5146,[0]
5149,[0]
5152,[0]
5153,[0]
5154,[0]
5155,[0]
5159,[0]
5160,[0]
5162,[0]
5164,[0]
5165,[0]
5166,[0]
5167,[0]
5168,[0]
5175,[0]
5178,[0]
5181,[0]
5184,[0]
5185,[0]
5189,[0]
5190,[0]
5196,[0]
5203,[0]
5206,[0]
5211,[0]
5214,[0]
5215,[0]
5221,[0]
5227,[0]
5228,[0]
5230,[0]
5234,[0]
5235,[0]
5236,[0]
5238,[0]
5239,[0]
5244,[0]
5247,[0]
5250,[0]
5252,[0]
5254,[0]
5260,[0]
5261,[0]
5263,[0]
5264,[0]
5265,[0]
5270,[0]
5271,[0]
5278,[0]
5279,[0]
5280,[0]
5283,[0]
5286,[0]
5289,[0]
5291,[0]
5297,[0]
5299,[0]
5303,[0]
5304,[0]
5308,[0]
5315,[0]
5317,[0]
5320,[0]
5321,[0]
5328,[0]
5334,[0]
5337,[0]
5342,[0]
5345,[0]
5346,[0]
5349,[0]
5352,[0]
5354,[0]
5358,[0]
5359,[0]
5360,[0]
5362,[0]
5366,[0]
5367,[0]
5371,[0]
5374,[0]
5386,[0]
5387,[0]
5389,[0]
5390,[0]
5395,[0]
5398,[0]
5401,[0]
5403,[0]
5407,[0]
5409,[0]
5412,[0]
5413,[0]
5415,[0]
5419,[0]
5433,[0]
5435,[0]
5438,[0]
5439,[0]
5448,[0]
5450,[0]
5452,[0]
5464,[0]
5465,[0]
5466,[0]
5467,[0]
5469,[0]
5473,[0]
5475,[0]
5482,[0]
5484,[0]
5486,[0]
5488,[0]
5493,[0]
5496,[0]
5499,[0]
5500,[0]
5502,[0]
5506,[0]
5510,[0]
5511,[0]
5519,[0]
5521,[0]
5523,[0]
5524,[0]
5526,[0]
5527,[0]
5530,[0]
5535,[0]
5541,[0]
5545,[0]
5547,[0]
5549,[0]
5550,[0]
5551,[0]
5553,[0]
5555,[0]
5559,[0]
5571,[0]
5572,[0]
5573,[0]
5574,[0]
5583,[0]
5586,[0]
5587,[0]
5595,[0]
5596,[0]
5597,[0]
5600,[0]
5602,[0]
5608,[0]
5609,[0]
5614,[0]
5615,[0]
5616,[0]
5622,[0]
5629,[0]
5634,[0]
5635,[0]
5639,[0]
5640,[0]
5641,[0]
5643,[0]
5649,[0]
5650,[0]
5651,[0]
5652,[0]
5657,[0]
5660,[0]
5661,[0]
5667,[0]
5669,[0]
5670,[0]
5675,[0]
5680,[0]
5681,[0]
5682,[0]
5684,[0]
5690,[0]
5691,[0]
5692,[0]
5693,[0]
5701,[0]
5702,[0]
5707,[0]
5708,[0]
5719,[0]
5722,[0]
5723,[0]
5724,[0]
5727,[0]
5732,[0]
5733,[0]
5734,[0]
5737,[0]
5738,[0]
5739,[0]
5740,[0]
5741,[0]
5749,[0]
5750,[0]
5752,[0]
5753,[0]
5754,[0]
5762,[0]
5763,[0]
5767,[0]
5768,[0]
5775,[0]
5786,[0]
5794,[0]
5795,[0]
5798,[0]
5801,[0]
5807,[0]
5809,[0]
5813,[0]
5815,[0]
5816,[0]
5818,[0]
5823,[0]
5825,[0]
5827,[0]
5829,[0]
5835,[0]
5836,[0]
5848,[0]
5849,[0]
5850,[0]
5851,[0]
5854,[0]
5855,[0]
5865,[0]
5869,[0]
5870,[0]
5872,[0]
5874,[0]
5882,[0]
5888,[0]
5889,[0]
5890,[0]
5892,[0]
5900,[0]
5905,[0]
5919,[0]
5920,[0]
5922,[0]
5924,[0]
5927,[0]
5929,[0]
5931,[0]
5933,[0]
5934,[0]
5940,[0]
5942,[0]
5946,[0]
5947,[0]
5950,[0]
5951,[0]
5963,[0]
5967,[0]
5968,[0]
5970,[0]
5973,[0]
5976,[0]
5983,[0]
5993,[0]
5995,[0]
5999,[0]
6003,[0]
6005,[0]
6007,[0]
6011,[0]
6015,[0]
6022,[0]
6027,[0]
6028,[0]
6031,[0]
6040,[0]
6042,[0]
6047,[0]
6050,[0]
6053,[0]
6054,[0]
6068,[0]
6072,[0]
6074,[0]
6075,[0]
6076,[0]
6079,[0]
6081,[0]
6083,[0]
6085,[0]
6093,[0]
6097,[0]
6105,[0]
6107,[0]
6110,[0]
6111,[0]
6113,[0]
6114,[0]
6121,[0]
6122,[0]
6123,[0]
6126,[0]
6128,[0]
6132,[0]
6136,[0]
6138,[0]
6143,[0]
6144,[0]
6146,[0]
6149,[0]
6151,[0]
6155,[0]
6157,[0]
6159,[0]
6160,[0]
6163,[0]
6172,[0]
6176,[0]
6182,[0]
6184,[0]
6187,[0]
6189,[0]
6191,[0]
6193,[0]
6202,[0]
6203,[0]
6204,[0]
6206,[0]
6208,[0]
6210,[0]
6217,[0]
6234,[0]
6247,[0]
6250,[0]
6252,[0]
6254,[0]
6259,[0]
6268,[0]
6269,[0]
6278,[0]
6283,[0]
6285,[0]
6288,[0]
6289,[0]
6290,[0]
6291,[0]
6294,[0]
6302,[0]
6303,[0]
6309,[0]
6312,[0]
6315,[0]
6330,[0]
6332,[0]
6333,[0]
6334,[0]
6338,[0]
6358,[0]
6366,[0]
6374,[0]
6381,[0]
6385,[0]
6387,[0]
6390,[0]
6391,[0]
6392,[0]
6396,[0]
6401,[0]
6406,[0]
6410,[0]
6416,[0]
6419,[0]
6420,[0]
6422,[0]
6429,[0]
6434,[0]
6435,[0]
6436,[0]
6443,[0]
6449,[0]
6450,[0]
6457,[0]
6458,[0]
6463,[0]
6466,[0]
6467,[0]
6468,[0]
6469,[0]
6478,[0]
6482,[0]
6491,[0]
6492,[0]
6496,[0]
6506,[0]
6509,[0]
6511,[0]
6517,[0]
6518,[0]
6519,[0]
6535,[0]
6536,[0]
6541,[0]
6543,[0]
6544,[0]
6546,[0]
6557,[0]
6558,[0]
6560,[0]
6561,[0]
6563,[0]
6564,[0]
6567,[0]
6569,[0]
6572,[0]
6576,[0]
6578,[0]
6581,[0]
6582,[0]
6585,[0]
6586,[0]
6587,[0]
6592,[0]
6594,[0]
6596,[0]
6602,[0]
6603,[0]
6609,[0]
6614,[0]
6617,[0]
6618,[0]
6625,[0]
6626,[0]
6627,[0]
6632,[0]
6635,[0]
6636,[0]
6637,[0]
6641,[0]
6646,[0]
6647,[0]
6648,[0]
6651,[0]
6652,[0]
6654,[0]
6655,[0]
6656,[0]
6659,[0]
6660,[0]
6669,[0]
6671,[0]
6678,[0]
6684,[0]
6685,[0]
6689,[0]
6691,[0]
6695,[0]
6696,[0]
6698,[0]
6711,[0]
6717,[0]
6718,[0]
6720,[0]
6725,[0]
6727,[0]
6731,[0]
6734,[0]
6735,[0]
6748,[0]
6758,[0]
6759,[0]
6760,[0]
6761,[0]
6762,[0]
6770,[0]
6772,[0]
6779,[0]
6781,[0]
6784,[0]
6786,[0]
6791,[0]
6796,[0]
6802,[0]
6803,[0]
6805,[0]
6807,[0]
6809,[0]
6810,[0]
6812,[0]
6815,[0]
6817,[0]
6827,[0]
6831,[0]
6832,[0]
6834,[0]
6839,[0]
6845,[0]
6846,[0]
6849,[0]
6851,[0]
6852,[0]
6853,[0]
6862,[0]
6863,[0]
6865,[0]
6867,[0]
6869,[0]
6870,[0]
6872,[0]
6873,[0]
6877,[0]
6878,[0]
6879,[0]
6880,[0]
6881,[0]
6883,[0]
6886,[0]
6887,[0]
6888,[0]
6893,[0]
6913,[0]
6914,[0]
6915,[0]
6916,[0]
6918,[0]
6923,[0]
6929,[0]
6933,[0]
6937,[0]
6940,[0]
6943,[0]
6945,[0]
6946,[0]
6952,[0]
6954,[0]
6960,[0]
6961,[0]
6964,[0]
6967,[0]
6968,[0]
6973,[0]
6975,[0]
6985,[0]
6986,[0]
6990,[0]
6991,[0]
6996,[0]
6998,[0]
7006,[0]
7013,[0]
7018,[0]
7020,[0]
7026,[0]
7034,[0]
7037,[0]
7040,[0]
7045,[0]
7046,[0]
7048,[0]
7051,[0]
7057,[0]
7059,[0]
7060,[0]
7067,[0]
7073,[0]
7074,[0]
7075,[0]
7076,[0]
7078,[0]
7080,[0]
7083,[0]
7091,[0]
7092,[0]
7093,[0]
7102,[0]
7110,[0]
7111,[0]
7112,[0]
7115,[0]
7116,[0]
7124,[0]
7132,[0]
7134,[0]
7136,[0]
7137,[0]
7138,[0]
7139,[0]
7140,[0]
7142,[0]
7147,[0]
7149,[0]
7150,[0]
7152,[0]
7156,[0]
7158,[0]
7163,[0]
7166,[0]
7170,[0]
7182,[0]
7184,[0]
7194,[0]
7197,[0]
7198,[0]
7209,[0]
7211,[0]
7215,[0]
7217,[0]
7223,[0]
7225,[0]
7228,[0]
7229,[0]
7230,[0]
7241,[0]
7248,[0]
7249,[0]
7250,[0]
7252,[0]
7254,[0]
7256,[0]
7265,[0]
7269,[0]
7275,[0]
7281,[0]
7285,[0]
7286,[0]
7288,[0]
7289,[0]
7295,[0]
7298,[0]
7300,[0]
7301,[0]
7306,[0]
7309,[0]
7312,[0]
7314,[0]
7318,[0]
7320,[0]
7324,[0]
7325,[0]
7326,[0]
7332,[0]
7333,[0]
7338,[0]
7339,[0]
7342,[0]
7346,[0]
7353,[0]
7355,[0]
7356,[0]
7358,[0]
7367,[0]
7368,[0]
7369,[0]
7371,[0]
7377,[0]
7378,[0]
7382,[0]
7383,[0]
7384,[0]
7385,[0]
7390,[0]
7393,[0]
7394,[0]
7398,[0]
7399,[0]
7403,[0]
7405,[0]
7409,[0]
7414,[0]
7426,[0]
7436,[0]
7439,[0]
7444,[0]
7450,[0]
7453,[0]
7454,[0]
7456,[0]
7459,[0]
7461,[0]
7463,[0]
7466,[0]
7468,[0]
7469,[0]
7473,[0]
7475,[0]
7481,[0]
7483,[0]
7484,[0]
7490,[0]
7491,[0]
7494,[0]
7496,[0]
7499,[0]
7501,[0]
7506,[0]
7523,[0]
7537,[0]
7538,[0]
7541,[0]
7548,[0]
7552,[0]
7553,[0]
7554,[0]
7555,[0]
7557,[0]
7562,[0]
7566,[0]
7576,[0]
7577,[0]
7582,[0]
7583,[0]
7586,[0]
7589,[0]
7592,[0]
7604,[0]
7607,[0]
7610,[0]
7618,[0]
7619,[0]
7620,[0]
7623,[0]
7627,[0]
7631,[0]
7634,[0]
7638,[0]
7641,[0]
7642,[0]
7655,[0]
7657,[0]
7659,[0]
7660,[0]
7661,[0]
7664,[0]
7666,[0]
7668,[0]
7672,[0]
7678,[0]
7681,[0]
7683,[0]
7687,[0]
7688,[0]
7694,[0]
7697,[0]
7699,[0]
7701,[0]
7703,[0]
7704,[0]
7705,[0]
7707,[0]
7708,[0]
7716,[0]
7717,[0]
7727,[0]
7736,[0]
7740,[0]
7741,[0]
7749,[0]
7750,[0]
7752,[0]
7755,[0]
7759,[0]
7761,[0]
7765,[0]
7766,[0]
7768,[0]
7769,[0]
7770,[0]
7772,[0]
7774,[0]
7777,[0]
7780,[0]
7782,[0]
7796,[0]
7811,[0]
7818,[0]
7819,[0]
7820,[0]
7824,[0]
7826,[0]
7829,[0]
7835,[0]
7839,[0]
7840,[0]
7847,[0]
7848,[0]
7852,[0]
7857,[0]
7858,[0]
7860,[0]
7863,[0]
7866,[0]
7868,[0]
7869,[0]
7872,[0]
7876,[0]
7877,[0]
7878,[0]
7880,[0]
7882,[0]
7884,[0]
7886,[0]
7887,[0]
7888,[0]
7896,[0]
7898,[0]
7899,[0]
7900,[0]
7901,[0]
7902,[0]
7909,[0]
7920,[0]
7928,[0]
7929,[0]
7930,[0]
7932,[0]
7936,[0]
7946,[0]
7950,[0]
7956,[0]
7957,[0]
7958,[0]
7961,[0]
7963,[0]
7964,[0]
7965,[0]
7970,[0]
7971,[0]
7972,[0]
7977,[0]
7981,[0]
7982,[0]
7987,[0]
7988,[0]
7992,[0]
7993,[0]
7996,[0]
8004,[0]
8005,[0]
8006,[0]
8017,[0]
8019,[0]
8026,[0]
8034,[0]
8035,[0]
8039,[0]
8043,[0]
8047,[0]
8049,[0]
8050,[0]
8052,[0]
8055,[0]
8056,[0]
8057,[0]
8058,[0]
8059,[0]
8060,[0]
8063,[0]
8067,[0]
8068,[0]
8070,[0]
8076,[0]
8079,[0]
8081,[0]
8084,[0]
8093,[0]
8097,[0]
8101,[0]
8102,[0]
8103,[0]
8105,[0]
8113,[0]
8116,[0]
8122,[0]
8124,[0]
8126,[0]
8135,[0]
8137,[0]
8139,[0]
8161,[0]
8169,[0]
8170,[0]
8171,[0]
8175,[0]
8177,[0]
8182,[0]
8186,[0]
8191,[0]
8194,[0]
8199,[0]
8201,[0]
8207,[0]
8217,[0]
8227,[0]
8228,[0]
8232,[0]
8233,[0]
8242,[0]
8252,[0]
8253,[0]
8254,[0]
8257,[0]
8258,[0]
8267,[0]
8268,[0]
8272,[0]
8273,[0]
8274,[0]
8275,[0]
8299,[0]
8302,[0]
8304,[0]
8305,[0]
8309,[0]
8319,[0]
8321,[0]
8323,[0]
8326,[0]
8335,[0]
8347,[0]
8351,[0]
8356,[0]
8369,[0]
8373,[0]
8377,[0]
8379,[0]
8391,[0]
8395,[0]
8401,[0]
8406,[0]
8407,[0]
8410,[0]
8411,[0]
8415,[0]
8420,[0]
8429,[0]
8432,[0]
8437,[0]
8440,[0]
8442,[0]
8445,[0]
8446,[0]
8450,[0]
8454,[0]
8458,[0]
8480,[0]
8482,[0]
8483,[0]
8484,[0]
8493,[0]
8496,[0]
8497,[0]
8500,[0]
8502,[0]
8505,[0]
8509,[0]
8513,[0]
8514,[0]
8515,[0]
8520,[0]
8522,[0]
8526,[0]
8529,[0]
8530,[0]
8538,[0]
8546,[0]
8550,[0]
8555,[0]
8561,[0]
8568,[0]
8571,[0]
8572,[0]
8580,[0]
8583,[0]
8584,[0]
8589,[0]
8590,[0]
8592,[0]
8595,[0]
8596,[0]
8598,[0]
8600,[0]
8603,[0]
8610,[0]
8613,[0]
8618,[0]
8621,[0]
8622,[0]
8626,[0]
8627,[0]
8628,[0]
8632,[0]
8636,[0]
8637,[0]
8639,[0]
8640,[0]
8641,[0]
8643,[0]
8649,[0]
8651,[0]
8655,[0]
8659,[0]
8660,[0]
8661,[0]
8665,[0]
8668,[0]
8677,[0]
8678,[0]
8680,[0]
8681,[0]
8684,[0]
8687,[0]
8691,[0]
8692,[0]
8694,[0]
8695,[0]
8698,[0]
8699,[0]
8704,[0]
8709,[0]
8712,[0]
8713,[0]
8716,[0]
8720,[0]
8722,[0]
8724,[0]
8725,[0]
8732,[0]
8747,[0]
8748,[0]
8751,[0]
8752,[0]
8754,[0]
8755,[0]
8756,[0]
8758,[0]
8767,[0]
8768,[0]
8769,[0]
8776,[0]
8778,[0]
8779,[0]
8781,[0]
8786,[0]
8787,[0]
8794,[0]
8799,[0]
8801,[0]
8802,[0]
8803,[0]
8806,[0]
8809,[0]
8811,[0]
8812,[0]
8813,[0]
8816,[0]
8818,[0]
8823,[0]
8824,[0]
8825,[0]
8828,[0]
8830,[0]
8831,[0]
8836,[0]
8842,[0]
8844,[0]
8854,[0]
8856,[0]
8861,[0]
8862,[0]
8865,[0]
8868,[0]
8878,[0]
8885,[0]
8886,[0]
8887,[0]
8891,[0]
8892,[0]
8894,[0]
8898,[0]
8899,[0]
8901,[0]
8902,[0]
8908,[0]
8915,[0]
8916,[0]
8920,[0]
8921,[0]
8922,[0]
8923,[0]
8925,[0]
8932,[0]
8934,[0]
8937,[0]
8938,[0]
8944,[0]
8946,[0]
8947,[0]
8952,[0]
8954,[0]
8960,[0]
8962,[0]
8966,[0]
8968,[0]
8977,[0]
8980,[0]
8988,[0]
8996,[0]
8999,[0]
9002,[0]
9015,[0]
9023,[0]
9028,[0]
9034,[0]
9035,[0]
9037,[0]
9044,[0]
9045,[0]
9046,[0]
9047,[0]
9050,[0]
9055,[0]
9056,[0]
9072,[0]
9076,[0]
9081,[0]
9083,[0]
9086,[0]
9089,[0]
9093,[0]
9095,[0]
9098,[0]
9108,[0]
9113,[0]
9117,[0]
9118,[0]
9120,[0]
9122,[0]
9124,[0]
9126,[0]
9127,[0]
9128,[0]
9139,[0]
9150,[0]
9151,[0]
9160,[0]
9161,[0]
9163,[0]
9168,[0]
9171,[0]
9177,[0]
9178,[0]
9181,[0]
9189,[0]
9191,[0]
9193,[0]
9194,[0]
9204,[0]
9208,[0]
9217,[0]
9221,[0]
9222,[0]
9223,[0]
9231,[0]
9233,[0]
9236,[0]
9239,[0]
9240,[0]
9244,[0]
9245,[0]
9253,[0]
9254,[0]
9258,[0]
9267,[0]
9269,[0]
9274,[0]
9292,[0]
9294,[0]
9295,[0]
9300,[0]
9301,[0]
9303,[0]
9307,[0]
9309,[0]
9314,[0]
9315,[0]
9317,[0]
9319,[0]
9322,[0]
9323,[0]
9331,[0]
9332,[0]
9333,[0]
9337,[0]
9341,[0]
9344,[0]
9354,[0]
9355,[0]
9357,[0]
9368,[0]
9369,[0]
9370,[0]
9372,[0]
9373,[0]
9375,[0]
9382,[0]
9394,[0]
9398,[0]
9404,[0]
9412,[0]
9413,[0]
9415,[0]
9417,[0]
9418,[0]
9419,[0]
9426,[0]
9431,[0]
9439,[0]
9444,[0]
9447,[0]
9449,[0]
9454,[0]
9457,[0]
9464,[0]
9467,[0]
9469,[0]
9474,[0]
9475,[0]
9483,[0]
9486,[0]
9489,[0]
9497,[0]
9500,[0]
9506,[0]
9508,[0]
9509,[0]
9510,[0]
9520,[0]
9533,[0]
9535,[0]
9543,[0]
9549,[0]
9552,[0]
9553,[0]
9558,[0]
9562,[0]
9566,[0]
9569,[0]
9572,[0]
9574,[0]
9579,[0]
9580,[0]
9584,[0]
9585,[0]
9586,[0]
9591,[0]
9594,[0]
9604,[0]
9609,[0]
9610,[0]
9614,[0]
9615,[0]
9617,[0]
9620,[0]
9624,[0]
9625,[0]
9632,[0]
9636,[0]
9640,[0]
9646,[0]
9650,[0]
9653,[0]
9654,[0]
9659,[0]
9666,[0]
9669,[0]
9670,[0]
9671,[0]
9675,[0]
9678,[0]
9681,[0]
9682,[0]
9685,[0]
9686,[0]
9688,[0]
9690,[0]
9693,[0]
9694,[0]
9699,[0]
9701,[0]
9707,[0]
9710,[0]
9712,[0]
9713,[0]
9718,[0]
9720,[0]
9721,[0]
9728,[0]
9729,[0]
9732,[0]
9742,[0]
9751,[0]
9754,[0]
9759,[0]
9761,[0]
9764,[0]
9767,[0]
9771,[0]
9774,[0]
9777,[0]
9782,[0]
9798,[0]
9800,[0]
9802,[0]
9803,[0]
9810,[0]
9817,[0]
9818,[0]
9826,[0]
9828,[0]
9833,[0]
9839,[0]
9842,[0]
9843,[0]
9844,[0]
9847,[0]
9848,[0]
9850,[0]
9854,[0]
9857,[0]
9860,[0]
9865,[0]
9867,[0]
9869,[0]
9871,[0]
9874,[0]
9880,[0]
9881,[0]
9882,[0]
9886,[0]
9887,[0]
9902,[0]
9903,[0]
9906,[0]
9908,[0]
9916,[0]
9917,[0]
9919,[0]
9922,[0]
9923,[0]
9924,[0]
9925,[0]
9927,[0]
9930,[0]
9932,[0]
9933,[0]
9935,[0]
9940,[0]
9944,[0]
9945,[0]
9952,[0]
9955,[0]
9962,[0]
9963,[0]
9965,[0]
9972,[0]
9973,[0]
9984,[0]
9987,[0]
9988,[0]
9994,[0]
9995,[0]
9997,[0]
10004,[0]
10007,[0]
10008,[0]
10012,[0]
10023,[0]
10024,[0]
10028,[0]
10029,[0]
10031,[0]
10038,[0]
10039,[0]
10045,[0]
10046,[0]
10048,[0]
10056,[0]
10059,[0]
10075,[0]
10080,[0]
10084,[0]
10085,[0]
10087,[0]
10088,[0]
10089,[0]
10090,[0]
10092,[0]
10093,[0]
10095,[0]
10098,[0]
10102,[0]
10103,[0]
10104,[0]
10109,[0]
10110,[0]
10115,[0]
10116,[0]
10120,[0]
10125,[0]
10127,[0]
10129,[0]
10130,[0]
10131,[0]
10132,[0]
10133,[0]
10146,[0]
10147,[0]
10148,[0]
10152,[0]
10168,[0]
10172,[0]
10175,[0]
10178,[0]
10179,[0]
10190,[0]
10194,[0]
10199,[0]
10200,[0]
10205,[0]
10209,[0]
10211,[0]
10213,[0]
10215,[0]
10216,[0]
10220,[0]
10221,[0]
10224,[0]
10225,[0]
10230,[0]
10234,[0]
10241,[0]
10242,[0]
10245,[0]
10248,[0]
10251,[0]
10253,[0]
10256,[0]
10261,[0]
10271,[0]
10275,[0]
10282,[0]
10291,[0]
10303,[0]
10308,[0]
10318,[0]
10335,[0]
10336,[0]
10354,[0]
10365,[0]
10368,[0]
10369,[0]
10371,[0]
10377,[0]
10379,[0]
10387,[0]
10388,[0]
10392,[0]
10393,[0]
10395,[0]
10396,[0]
10397,[0]
10398,[0]
10401,[0]
10405,[0]
10406,[0]
10411,[0]
10412,[0]
10413,[0]
10416,[0]
10426,[0]
10430,[0]
10432,[0]
10434,[0]
10440,[0]
10441,[0]
10442,[0]
10444,[0]
10447,[0]
10449,[0]
10451,[0]
10464,[0]
10470,[0]
10471,[0]
10472,[0]
10473,[0]
10474,[0]
10475,[0]
10484,[0]
10485,[0]
10487,[0]
10488,[0]
10504,[0]
10505,[0]
10506,[0]
10511,[0]
10513,[0]
10515,[0]
10519,[0]
10521,[0]
10527,[0]
10529,[0]
10537,[0]
10539,[0]
10540,[0]
10541,[0]
10548,[0]
10551,[0]
10556,[0]
10561,[0]
10563,[0]
10564,[0]
10568,[0]
10570,[0]
10574,[0]
10575,[0]
10576,[0]
10585,[0]
10589,[0]
10599,[0]
10605,[0]
10608,[0]
10612,[0]
10614,[0]
10615,[0]
10619,[0]
10621,[0]
10623,[0]
10632,[0]
10643,[0]
10646,[0]
10648,[0]
10652,[0]
10660,[0]
10668,[0]
10671,[0]
10676,[0]
10680,[0]
10688,[0]
10691,[0]
10692,[0]
10693,[0]
10697,[0]
10698,[0]
10705,[0]
10712,[0]
10713,[0]
10720,[0]
10723,[0]
10725,[0]
10726,[0]
10727,[0]
10734,[0]
10735,[0]
10737,[0]
10740,[0]
10741,[0]
10744,[0]
10748,[0]
10756,[0]
10760,[0]
10761,[0]
10763,[0]
10764,[0]
10765,[0]
10767,[0]
10771,[0]
10773,[0]
10775,[0]
10776,[0]
10777,[0]
10778,[0]
10779,[0]
10782,[0]
10783,[0]
10784,[0]
10787,[0]
10789,[0]
10794,[0]
10795,[0]
10796,[0]
10797,[0]
10799,[0]
10803,[0]
10804,[0]
10813,[0]
10814,[0]
10815,[0]
10819,[0]
10822,[0]
10824,[0]
10827,[0]
10828,[0]
10839,[0]
10843,[0]
10844,[0]
10850,[0]
10851,[0]
10854,[0]
10855,[0]
10856,[0]
10859,[0]
10861,[0]
10866,[0]
10873,[0]
10881,[0]
10884,[0]
10888,[0]
10890,[0]
10893,[0]
10899,[0]
10900,[0]
10910,[0]
10911,[0]
10916,[0]
10920,[0]
10923,[0]
10928,[0]
10930,[0]
10932,[0]
10935,[0]
10941,[0]
10942,[0]
10944,[0]
10946,[0]
10950,[0]
10955,[0]
10958,[0]
10960,[0]
10969,[0]
10974,[0]
10975,[0]
10982,[0]
10984,[0]
10985,[0]
10988,[0]
10997,[0]
11003,[0]
11005,[0]
11008,[0]
11009,[0]
11010,[0]
11016,[0]
11017,[0]
11019,[0]
11021,[0]
11022,[0]
11025,[0]
11032,[0]
11040,[0]
11041,[0]
11042,[0]
11047,[0]
11050,[0]
11051,[0]
11053,[0]
11057,[0]
11058,[0]
11060,[0]
11061,[0]
11065,[0]
11072,[0]
11073,[0]
11074,[0]
11075,[0]
11079,[0]
11080,[0]
11081,[0]
11088,[0]
11091,[0]
11092,[0]
11097,[0]
11101,[0]
11103,[0]
11105,[0]
11115,[0]
11118,[0]
11120,[0]
11122,[0]
11127,[0]
11134,[0]
11135,[0]
11139,[0]
11144,[0]
11146,[0]
11151,[0]
11152,[0]
11163,[0]
11165,[0]
11166,[0]
11168,[0]
11169,[0]
11170,[0]
11172,[0]
11174,[0]
11178,[0]
11185,[0]
11190,[0]
11191,[0]
11192,[0]
11202,[0]
11209,[0]
11212,[0]
11214,[0]
11215,[0]
11223,[0]
11225,[0]
11227,[0]
11231,[0]
11236,[0]
11239,[0]
11240,[0]
11241,[0]
11245,[0]
11246,[0]
11247,[0]
11249,[0]
11250,[0]
11257,[0]
11260,[0]
11263,[0]
11264,[0]
11265,[0]
11270,[0]
11276,[0]
11277,[0]
11279,[0]
11282,[0]
11283,[0]
11285,[0]
11304,[0]
11306,[0]
11308,[0]
11310,[0]
11314,[0]
11318,[0]
11320,[0]
11325,[0]
11327,[0]
11333,[0]
11337,[0]
11338,[0]
11339,[0]
11344,[0]
11345,[0]
11347,[0]
11348,[0]
11349,[0]
11350,[0]
11354,[0]
11357,[0]
11362,[0]
11363,[0]
11365,[0]
11369,[0]
11372,[0]
11373,[0]
11375,[0]
11377,[0]
11379,[0]
11381,[0]
11393,[0]
11398,[0]
11401,[0]
11411,[0]
11413,[0]
11422,[0]
11426,[0]
11428,[0]
11431,[0]
11435,[0]
11436,[0]
11437,[0]
11439,[0]
11441,[0]
11452,[0]
11455,[0]
11456,[0]
11460,[0]
11464,[0]
11465,[0]
11472,[0]
11475,[0]
11476,[0]
11484,[0]
11487,[0]
11489,[0]
11492,[0]
11494,[0]
11496,[0]
11502,[0]
11512,[0]
11516,[0]
11519,[0]
11526,[0]
11528,[0]
11538,[0]
11545,[0]
11546,[0]
11551,[0]
11557,[0]
11561,[0]
11567,[0]
11571,[0]
11576,[0]
11577,[0]
11588,[0]
11593,[0]
11595,[0]
11597,[0]
11604,[0]
11608,[0]
11610,[0]
11613,[0]
11615,[0]
11623,[0]
11636,[0]
11639,[0]
11643,[0]
11644,[0]
11647,[0]
11650,[0]
11652,[0]
11656,[0]
11666,[0]
11668,[0]
11669,[0]
11672,[0]
11674,[0]
11676,[0]
11679,[0]
11682,[0]
11684,[0]
11685,[0]
11688,[0]
11692,[0]
11706,[0]
11707,[0]
11708,[0]
11711,[0]
11714,[0]
11719,[0]
11721,[0]
11722,[0]
11723,[0]
11727,[0]
11728,[0]
11731,[0]
11732,[0]
11739,[0]
11741,[0]
11742,[0]
11743,[0]
11746,[0]
11747,[0]
11748,[0]
11750,[0]
11755,[0]
11772,[0]
11784,[0]
11787,[0]
11790,[0]
11792,[0]
11805,[0]
11806,[0]
11807,[0]
11809,[0]
11811,[0]
11816,[0]
11820,[0]
11822,[0]
11823,[0]
11825,[0]
11826,[0]
11830,[0]
11831,[0]
11833,[0]
11836,[0]
11838,[0]
11839,[0]
11840,[0]
11849,[0]
11853,[0]
11854,[0]
11855,[0]
11857,[0]
11863,[0]
11864,[0]
11865,[0]
11870,[0]
11874,[0]
11879,[0]
11881,[0]
11886,[0]
11889,[0]
11891,[0]
11893,[0]
11897,[0]
11899,[0]
11905,[0]
11907,[0]
11909,[0]
11912,[0]
11922,[0]
11924,[0]
11931,[0]
11938,[0]
11941,[0]
11944,[0]
11947,[0]
11950,[0]
11953,[0]
11955,[0]
11956,[0]
11958,[0]
11961,[0]
11962,[0]
11968,[0]
11971,[0]
11976,[0]
11983,[0]
11996,[0]
11998,[0]
12006,[0]
12014,[0]
12016,[0]
12026,[0]
12032,[0]
12039,[0]
12042,[0]
12047,[0]
12053,[0]
12058,[0]
12067,[0]
12068,[0]
12074,[0]
12084,[0]
12085,[0]
12092,[0]
12097,[0]
12098,[0]
12100,[0]
12107,[0]
12109,[0]
12115,[0]
12117,[0]
12124,[0]
12127,[0]
12130,[0]
12136,[0]
12138,[0]
12139,[0]
12140,[0]
12142,[0]
12143,[0]
12148,[0]
12154,[0]
12156,[0]
12159,[0]
12160,[0]
12163,[0]
12165,[0]
12169,[0]
12171,[0]
12172,[0]
12173,[0]
12175,[0]
12179,[0]
12180,[0]
12181,[0]
12182,[0]
12187,[0]
12194,[0]
12199,[0]
12200,[0]
12202,[0]
12203,[0]
12207,[0]
12218,[0]
12228,[0]
12237,[0]
12241,[0]
12246,[0]
12253,[0]
12255,[0]
12264,[0]
12268,[0]
12280,[0]
12282,[0]
12287,[0]
12290,[0]
12303,[0]
12306,[0]
12307,[0]
12313,[0]
12317,[0]
12322,[0]
12327,[0]
12330,[0]
12331,[0]
12334,[0]
12338,[0]
12342,[0]
12353,[0]
12354,[0]
12358,[0]
12364,[0]
12371,[0]
12372,[0]
12374,[0]
12378,[0]
12383,[0]
12387,[0]
12391,[0]
12393,[0]
12397,[0]
12399,[0]
12402,[0]
12411,[0]
12413,[0]
12415,[0]
12416,[0]
12419,[0]
12423,[0]
12429,[0]
12430,[0]
12431,[0]
12434,[0]
12435,[0]
12442,[0]
12443,[0]
12444,[0]
12450,[0]
12451,[0]
12454,[0]
12455,[0]
12462,[0]
12466,[0]
12469,[0]
12472,[0]
12474,[0]
12475,[0]
12480,[0]
12487,[0]
12494,[0]
12499,[0]
12503,[0]
12507,[0]
12509,[0]
12516,[0]
12517,[0]
12525,[0]
12526,[0]
12530,[0]
12534,[0]
12536,[0]
12540,[0]
12543,[0]
12550,[0]
12551,[0]
12552,[0]
12560,[0]
12562,[0]
12577,[0]
12580,[0]
12586,[0]
12588,[0]
12593,[0]
12601,[0]
12603,[0]
12613,[0]
12616,[0]
12625,[0]
12639,[0]
12649,[0]
12650,[0]
12651,[0]
12659,[0]
12660,[0]
12663,[0]
12665,[0]
12669,[0]
12673,[0]
12679,[0]
12682,[0]
12687,[0]
12695,[0]
12697,[0]
12700,[0]
12703,[0]
12704,[0]
12705,[0]
12709,[0]
12713,[0]
12716,[0]
12717,[0]
12727,[0]
12732,[0]
12734,[0]
12735,[0]
12741,[0]
12743,[0]
12762,[0]
12763,[0]
12764,[0]
12765,[0]
12770,[0]
12771,[0]
12772,[0]
12774,[0]
12777,[0]
12783,[0]
12785,[0]
12787,[0]
12792,[0]
12796,[0]
12800,[0]
12802,[0]
12805,[0]
12810,[0]
12811,[0]
12813,[0]
12820,[0]
12824,[0]
12827,[0]
12829,[0]
12832,[0]
12835,[0]
12838,[0]
12848,[0]
12850,[0]
12851,[0]
12852,[0]
12854,[0]
12858,[0]
12860,[0]
12861,[0]
12862,[0]
12868,[0]
12886,[0]
12894,[0]
12895,[0]
12898,[0]
12905,[0]
12908,[0]
12912,[0]
12915,[0]
12923,[0]
12928,[0]
12930,[0]
12931,[0]
12934,[0]
12940,[0]
12950,[0]
12954,[0]
12955,[0]
12956,[0]
12957,[0]
12958,[0]
12964,[0]
12965,[0]
12967,[0]
12968,[0]
12969,[0]
12975,[0]
12977,[0]
12978,[0]
12988,[0]
12997,[0]
12999,[0]
13002,[0]
13008,[0]
13009,[0]
13012,[0]
13015,[0]
13016,[0]
13018,[0]
13020,[0]
13023,[0]
13040,[0]
13045,[0]
13048,[0]
13049,[0]
13052,[0]
13055,[0]
13059,[0]
13062,[0]
13065,[0]
13068,[0]
13073,[0]
13086,[0]
13091,[0]
13092,[0]
13097,[0]
13100,[0]
13105,[0]
13107,[0]
13111,[0]
13114,[0]
13117,[0]
13119,[0]
13122,[0]
13127,[0]
13128,[0]
13131,[0]
13134,[0]
13137,[0]
13140,[0]
13141,[0]
13142,[0]
13148,[0]
13151,[0]
13159,[0]
13161,[0]
13164,[0]
13167,[0]
13171,[0]
13177,[0]
13185,[0]
13186,[0]
13187,[0]
13188,[0]
13189,[0]
13192,[0]
13193,[0]
13194,[0]
13195,[0]
13198,[0]
13200,[0]
13208,[0]
13210,[0]
13212,[0]
13217,[0]
13221,[0]
13224,[0]
13225,[0]
13227,[0]
13228,[0]
13230,[0]
13232,[0]
13233,[0]
13236,[0]
13237,[0]
13246,[0]
13257,[0]
13259,[0]
13263,[0]
13266,[0]
13268,[0]
13272,[0]
13277,[0]
13278,[0]
13279,[0]
13280,[0]
13284,[0]
13285,[0]
13288,[0]
13290,[0]
13298,[0]
13299,[0]
13301,[0]
13302,[0]
13303,[0]
13319,[0]
13320,[0]
13325,[0]
13327,[0]
13328,[0]
13330,[0]
13332,[0]
13335,[0]
13337,[0]
13346,[0]
13349,[0]
13351,[0]
13353,[0]
13361,[0]
13365,[0]
13370,[0]
13376,[0]
13379,[0]
13382,[0]
13385,[0]
13387,[0]
13398,[0]
13399,[0]
13401,[0]
13404,[0]
13406,[0]
13415,[0]
13418,[0]
13420,[0]
13423,[0]
13427,[0]
13429,[0]
13432,[0]
13435,[0]
13441,[0]
13450,[0]
13454,[0]
13458,[0]
13463,[0]
13464,[0]
13466,[0]
13468,[0]
13469,[0]
13472,[0]
13476,[0]
13483,[0]
13484,[0]
13487,[0]
13494,[0]
13496,[0]
13502,[0]
13508,[0]
13517,[0]
13518,[0]
13520,[0]
13521,[0]
13525,[0]
13527,[0]
13535,[0]
13536,[0]
13537,[0]
13543,[0]
13548,[0]
13550,[0]
13554,[0]
13557,[0]
13558,[0]
13566,[0]
13567,[0]
13575,[0]
13577,[0]
13579,[0]
13582,[0]
13583,[0]
13586,[0]
13592,[0]
13594,[0]
13595,[0]
13598,[0]
13605,[0]
13608,[0]
13624,[0]
13628,[0]
13632,[0]
13635,[0]
13642,[0]
13647,[0]
13648,[0]
13650,[0]
13654,[0]
13661,[0]
13665,[0]
13669,[0]
13670,[0]
13674,[0]
13676,[0]
13689,[0]
13691,[0]
13692,[0]
13696,[0]
13708,[0]
13715,[0]
13718,[0]
13719,[0]
13725,[0]
13727,[0]
13728,[0]
13732,[0]
13733,[0]
13734,[0]
13736,[0]
13739,[0]
13744,[0]
13745,[0]
13747,[0]
13751,[0]
13752,[0]
13753,[0]
13754,[0]
13755,[0]
13757,[0]
13762,[0]
13766,[0]
13774,[0]
13779,[0]
13781,[0]
13783,[0]
13786,[0]
13787,[0]
13792,[0]
13796,[0]
13810,[0]
13811,[0]
13818,[0]
13821,[0]
13828,[0]
13832,[0]
13836,[0]
13839,[0]
13841,[0]
13843,[0]
13845,[0]
13847,[0]
13859,[0]
13861,[0]
13869,[0]
13870,[0]
13873,[0]
13880,[0]
13881,[0]
13883,[0]
13885,[0]
13886,[0]
13899,[0]
13900,[0]
13905,[0]
13906,[0]
13907,[0]
13911,[0]
13919,[0]
13920,[0]
13932,[0]
13942,[0]
13947,[0]
13948,[0]
13956,[0]
13967,[0]
13974,[0]
13978,[0]
13990,[0]
13997,[0]
14008,[0]
14015,[0]
14017,[0]
14018,[0]
14021,[0]
14031,[0]
14032,[0]
14033,[0]
14034,[0]
14035,[0]
14046,[0]
14054,[0]
14056,[0]
14057,[0]
14058,[0]
14068,[0]
14077,[0]
14088,[0]
14097,[0]
14099,[0]
14100,[0]
14104,[0]
14107,[0]
14113,[0]
14114,[0]
14119,[0]
14123,[0]
14125,[0]
14133,[0]
14137,[0]
14141,[0]
14150,[0]
14151,[0]
14161,[0]
14166,[0]
14174,[0]
14175,[0]
14176,[0]
14178,[0]
14193,[0]
14194,[0]
14195,[0]
14196,[0]
14200,[0]
14201,[0]
14205,[0]
14206,[0]
14208,[0]
14219,[0]
14223,[0]
14225,[0]
14228,[0]
14229,[0]
14232,[0]
14238,[0]
14242,[0]
14246,[0]
14248,[0]
14249,[0]
14250,[0]
14253,[0]
14254,[0]
14255,[0]
14257,[0]
14258,[0]
14264,[0]
14277,[0]
14279,[0]
14281,[0]
14290,[0]
14297,[0]
14311,[0]
14313,[0]
14315,[0]
14323,[0]
14337,[0]
14339,[0]
14343,[0]
14344,[0]
14346,[0]
14348,[0]
14355,[0]
14366,[0]
14368,[0]
14372,[0]
14379,[0]
14381,[0]
14383,[0]
14384,[0]
14390,[0]
14392,[0]
14394,[0]
14397,[0]
14399,[0]
14409,[0]
14412,[0]
14419,[0]
14427,[0]
14428,[0]
14429,[0]
14440,[0]
14446,[0]
14447,[0]
14448,[0]
14449,[0]
14451,[0]
14455,[0]
14462,[0]
14464,[0]
14468,[0]
14470,[0]
14472,[0]
14477,[0]
14479,[0]
14482,[0]
14485,[0]
14487,[0]
14488,[0]
14496,[0]
14498,[0]
14501,[0]
14507,[0]
14510,[0]
14511,[0]
14519,[0]
14520,[0]
14524,[0]
14528,[0]
14531,[0]
14532,[0]
14533,[0]
14534,[0]
14540,[0]
14548,[0]
14551,[0]
14553,[0]
14559,[0]
14563,[0]
14564,[0]
14565,[0]
14569,[0]
14571,[0]
14573,[0]
14575,[0]
14576,[0]
14581,[0]
14582,[0]
14585,[0]
14587,[0]
14589,[0]
14592,[0]
14595,[0]
14601,[0]
14603,[0]
14606,[0]
14608,[0]
14611,[0]
14615,[0]
14617,[0]
14618,[0]
14623,[0]
14625,[0]
14636,[0]
14638,[0]
14642,[0]
14646,[0]
14647,[0]
14650,[0]
14652,[0]
14655,[0]
14658,[0]
14667,[0]
14668,[0]
14674,[0]
14676,[0]
14678,[0]
14680,[0]
14684,[0]
14685,[0]
14692,[0]
14699,[0]
14704,[0]
14705,[0]
14708,[0]
14713,[0]
14715,[0]
14718,[0]
14725,[0]
14730,[0]
14732,[0]
14736,[0]
14737,[0]
14738,[0]
14739,[0]
14744,[0]
14747,[0]
14749,[0]
14760,[0]
14768,[0]
14769,[0]
14774,[0]
14775,[0]
14779,[0]
14780,[0]
14782,[0]
14784,[0]
14785,[0]
14786,[0]
14793,[0]
14794,[0]
14795,[0]
14799,[0]
14801,[0]
14802,[0]
14804,[0]
14806,[0]
14808,[0]
14809,[0]
14810,[0]
14811,[0]
14812,[0]
14814,[0]
14816,[0]
14824,[0]
14826,[0]
14828,[0]
14829,[0]
14833,[0]
14842,[0]
14843,[0]
14848,[0]
14849,[0]
14850,[0]
14851,[0]
14857,[0]
14863,[0]
14871,[0]
14876,[0]
14877,[0]
14879,[0]
14883,[0]
14884,[0]
14889,[0]
14891,[0]
14901,[0]
14910,[0]
14911,[0]
14914,[0]
14915,[0]
14924,[0]
14925,[0]
14927,[0]
14939,[0]
14943,[0]
14951,[0]
14962,[0]
14963,[0]
14971,[0]
14977,[0]
14980,[0]
14992,[0]
15000,[0]
15008,[0]
15009,[0]
15011,[0]
15016,[0]
15017,[0]
15026,[0]
15036,[0]
15040,[0]
15041,[0]
15043,[0]
15046,[0]
15051,[0]
15055,[0]
15059,[0]
15074,[0]
15082,[0]
15083,[0]
15085,[0]
15093,[0]
15097,[0]
15098,[0]
15101,[0]
15106,[0]
15107,[0]
15111,[0]
15113,[0]
15115,[0]
15122,[0]
15125,[0]
15131,[0]
15137,[0]
15144,[0]
15152,[0]
15153,[0]
15164,[0]
15167,[0]
15170,[0]
15174,[0]
15184,[0]
15187,[0]
15191,[0]
15197,[0]
15201,[0]
15210,[0]
15212,[0]
15215,[0]
15216,[0]
15218,[0]
15223,[0]
15228,[0]
15236,[0]
15237,[0]
15238,[0]
15240,[0]
15242,[0]
15243,[0]
15250,[0]
15252,[0]
15253,[0]
15254,[0]
15255,[0]
15258,[0]
15263,[0]
15267,[0]
15279,[0]
15288,[0]
15291,[0]
15292,[0]
15294,[0]
15298,[0]
15300,[0]
15302,[0]
15308,[0]
15312,[0]
15319,[0]
15325,[0]
15327,[0]
15328,[0]
15330,[0]
15333,[0]
15335,[0]
15336,[0]
15337,[0]
15338,[0]
15344,[0]
15345,[0]
15348,[0]
15352,[0]
15353,[0]
15357,[0]
15359,[0]
15369,[0]
15372,[0]
15374,[0]
15378,[0]
15379,[0]
15390,[0]
15393,[0]
15399,[0]
15402,[0]
15406,[0]
15412,[0]
15415,[0]
15424,[0]
15432,[0]
15433,[0]
15435,[0]
15439,[0]
15442,[0]
15449,[0]
15458,[0]
15460,[0]
15461,[0]
15465,[0]
15472,[0]
15474,[0]
15475,[0]
15477,[0]
15478,[0]
15479,[0]
15480,[0]
15482,[0]
15485,[0]
15486,[0]
15491,[0]
15496,[0]
15499,[0]
15500,[0]
15503,[0]
15511,[0]
15523,[0]
15524,[0]
15526,[0]
15528,[0]
15531,[0]
15535,[0]
15537,[0]
15538,[0]
15539,[0]
15541,[0]
15542,[0]
15543,[0]
15544,[0]
15549,[0]
15550,[0]
15553,[0]
15555,[0]
15556,[0]
15558,[0]
15559,[0]
15561,[0]
15563,[0]
15564,[0]
15567,[0]
15574,[0]
15577,[0]
15590,[0]
15596,[0]
15601,[0]
15603,[0]
15604,[0]
15608,[0]
15609,[0]
15611,[0]
15612,[0]
15614,[0]
15615,[0]
15617,[0]
15618,[0]
15623,[0]
15624,[0]
15631,[0]
15632,[0]
15640,[0]
15647,[0]
15648,[0]
15649,[0]
15651,[0]
15652,[0]
15658,[0]
15661,[0]
15662,[0]
15664,[0]
15666,[0]
15668,[0]
15673,[0]
15677,[0]
15680,[0]
15685,[0]
15689,[0]
15690,[0]
15703,[0]
15706,[0]
15710,[0]
15719,[0]
15722,[0]
15726,[0]
15730,[0]
15733,[0]
15734,[0]
15739,[0]
15748,[0]
15753,[0]
15755,[0]
15762,[0]
15765,[0]
15766,[0]
15774,[0]
15778,[0]
15781,[0]
15783,[0]
15789,[0]
15791,[0]
15793,[0]
15807,[0]
15809,[0]
15810,[0]
15811,[0]
15813,[0]
15827,[0]
15832,[0]
15836,[0]
15839,[0]
15857,[0]
15858,[0]
15867,[0]
15872,[0]
15875,[0]
15877,[0]
15879,[0]
15887,[0]
15888,[0]
15890,[0]
15905,[0]
15907,[0]
15910,[0]
15913,[0]
15915,[0]
15921,[0]
15923,[0]
15927,[0]
15928,[0]
15930,[0]
15939,[0]
15942,[0]
15947,[0]
15948,[0]
15951,[0]
15956,[0]
15958,[0]
15971,[0]
15973,[0]
15975,[0]
15977,[0]
15978,[0]
15979,[0]
15986,[0]
15989,[0]
15992,[0]
15996,[0]
15997,[0]
15999,[0]
16002,[0]
16004,[0]
16006,[0]
16009,[0]
16012,[0]
16018,[0]
16024,[0]
16025,[0]
16026,[0]
16031,[0]
16038,[0]
16044,[0]
16045,[0]
16046,[0]
16048,[0]
16052,[0]
16053,[0]
16054,[0]
16070,[0]
16072,[0]
16075,[0]
16083,[0]
16084,[0]
16088,[0]
16093,[0]
16095,[0]
16098,[0]
16105,[0]
16107,[0]
16112,[0]
16119,[0]
16124,[0]
16127,[0]
16129,[0]
16138,[0]
16142,[0]
16146,[0]
16150,[0]
16155,[0]
16158,[0]
16159,[0]
16161,[0]
16163,[0]
16164,[0]
16167,[0]
16168,[0]
16177,[0]
16197,[0]
16200,[0]
16203,[0]
16208,[0]
16213,[0]
16215,[0]
16217,[0]
16226,[0]
16231,[0]
16232,[0]
16233,[0]
16234,[0]
16238,[0]
16245,[0]
16246,[0]
16249,[0]
16250,[0]
16253,[0]
16254,[0]
16256,[0]
16260,[0]
16280,[0]
16282,[0]
16288,[0]
16301,[0]
16310,[0]
16314,[0]
16317,[0]
16320,[0]
16323,[0]
16330,[0]
16332,[0]
16335,[0]
16337,[0]
16342,[0]
16366,[0]
16367,[0]
16368,[0]
16371,[0]
16374,[0]
16379,[0]
16381,[0]
16384,[0]
16391,[0]
16394,[0]
16395,[0]
16406,[0]
16407,[0]
16417,[0]
16424,[0]
16426,[0]
16432,[0]
16437,[0]
16450,[0]
16451,[0]
16453,[0]
16455,[0]
16456,[0]
16459,[0]
16461,[0]
16462,[0]
16473,[0]
16476,[0]
16485,[0]
16487,[0]
16488,[0]
16493,[0]
16496,[0]
16503,[0]
16509,[0]
16513,[0]
16514,[0]
16515,[0]
16523,[0]
16537,[0]
16538,[0]
16560,[0]
16562,[0]
16573,[0]
16578,[0]
16579,[0]
16580,[0]
16581,[0]
16582,[0]
16584,[0]
16587,[0]
16593,[0]
16594,[0]
16601,[0]
16602,[0]
16603,[0]
16608,[0]
16609,[0]
16610,[0]
16618,[0]
16620,[0]
16624,[0]
16628,[0]
16629,[0]
16632,[0]
16636,[0]
16640,[0]
16645,[0]
16648,[0]
16662,[0]
16666,[0]
16674,[0]
16677,[0]
16680,[0]
16682,[0]
16687,[0]
16695,[0]
16699,[0]
16701,[0]
16703,[0]
16704,[0]
16707,[0]
16709,[0]
16710,[0]
16715,[0]
16717,[0]
16719,[0]
16720,[0]
16721,[0]
16722,[0]
16723,[0]
16725,[0]
16727,[0]
16730,[0]
16742,[0]
16744,[0]
16745,[0]
16747,[0]
16753,[0]
16761,[0]
16763,[0]
16778,[0]
16779,[0]
16783,[0]
16790,[0]
16791,[0]
16797,[0]
16801,[0]
16804,[0]
16813,[0]
16817,[0]
16819,[0]
16823,[0]
16834,[0]
16836,[0]
16839,[0]
16841,[0]
16843,[0]
16851,[0]
16852,[0]
16854,[0]
16859,[0]
16862,[0]
16872,[0]
16877,[0]
16878,[0]
16881,[0]
16882,[0]
16883,[0]
16887,[0]
16890,[0]
16892,[0]
16893,[0]
16894,[0]
16898,[0]
16915,[0]
16917,[0]
16918,[0]
16929,[0]
16935,[0]
16936,[0]
16943,[0]
16946,[0]
16947,[0]
16948,[0]
16952,[0]
16973,[0]
16974,[0]
16976,[0]
16982,[0]
16990,[0]
16992,[0]
16993,[0]
17002,[0]
17004,[0]
17007,[0]
17009,[0]
17010,[0]
17011,[0]
17020,[0]
17021,[0]
17022,[0]
17023,[0]
17031,[0]
17035,[0]
17039,[0]
17040,[0]
17045,[0]
17048,[0]
17049,[0]
17051,[0]
17056,[0]
17060,[0]
17064,[0]
17066,[0]
17073,[0]
17075,[0]
17080,[0]
17083,[0]
17085,[0]
17096,[0]
17102,[0]
17105,[0]
17107,[0]
17110,[0]
17119,[0]
17120,[0]
17123,[0]
17126,[0]
17128,[0]
17130,[0]
17133,[0]
17135,[0]
17142,[0]
17147,[0]
17150,[0]
17154,[0]
17170,[0]
17171,[0]
17175,[0]
17176,[0]
17177,[0]
17179,[0]
17187,[0]
17188,[0]
17199,[0]
17200,[0]
17208,[0]
17209,[0]
17210,[0]
17216,[0]
17221,[0]
17225,[0]
17226,[0]
17227,[0]
17228,[0]
17235,[0]
17236,[0]
17249,[0]
17254,[0]
17255,[0]
17257,[0]
17263,[0]
17265,[0]
17278,[0]
17280,[0]
17283,[0]
17290,[0]
17293,[0]
17296,[0]
17297,[0]
17299,[0]
17305,[0]
17310,[0]
17311,[0]
17313,[0]
17322,[0]
17323,[0]
17331,[0]
17336,[0]
17341,[0]
17342,[0]
17344,[0]
17345,[0]
17352,[0]
17358,[0]
17360,[0]
17368,[0]
17375,[0]
17384,[0]
17389,[0]
17390,[0]
17393,[0]
17395,[0]
17397,[0]
17400,[0]
17405,[0]
17407,[0]
17408,[0]
17409,[0]
17418,[0]
17423,[0]
17424,[0]
17429,[0]
17432,[0]
17434,[0]
17436,[0]
17439,[0]
17440,[0]
17450,[0]
17454,[0]
17455,[0]
17462,[0]
17476,[0]
17477,[0]
17486,[0]
17489,[0]
17493,[0]
17494,[0]
17499,[0]
17507,[0]
17517,[0]
17527,[0]
17528,[0]
17531,[0]
17540,[0]
17541,[0]
17543,[0]
17550,[0]
17552,[0]
17556,[0]
17570,[0]
17571,[0]
17575,[0]
17581,[0]
17586,[0]
17591,[0]
17593,[0]
17594,[0]
17596,[0]
17599,[0]
17600,[0]
17601,[0]
17604,[0]
17605,[0]
17607,[0]
17610,[0]
17612,[0]
17616,[0]
17619,[0]
17623,[0]
17626,[0]
17628,[0]
17630,[0]
17635,[0]
17642,[0]
17644,[0]
17647,[0]
17656,[0]
17657,[0]
17664,[0]
17666,[0]
17670,[0]
17677,[0]
17683,[0]
17693,[0]
17699,[0]
17705,[0]
17706,[0]
17707,[0]
17712,[0]
17715,[0]
17717,[0]
17720,[0]
17730,[0]
17733,[0]
17734,[0]
17738,[0]
17743,[0]
17745,[0]
17753,[0]
17755,[0]
17756,[0]
17759,[0]
17760,[0]
17761,[0]
17762,[0]
17769,[0]
17777,[0]
17785,[0]
17786,[0]
17787,[0]
17799,[0]
17802,[0]
17804,[0]
17807,[0]
17812,[0]
17813,[0]
17816,[0]
17823,[0]
17826,[0]
17836,[0]
17842,[0]
17847,[0]
17850,[0]
17854,[0]
17857,[0]
17859,[0]
17867,[0]
17868,[0]
17871,[0]
17872,[0]
17879,[0]
17882,[0]
17892,[0]
17895,[0]
17900,[0]
17901,[0]
17905,[0]
17906,[0]
17908,[0]
17914,[0]
17918,[0]
17920,[0]
17932,[0]
17942,[0]
17944,[0]
17954,[0]
17957,[0]
17959,[0]
17963,[0]
17965,[0]
17969,[0]
17971,[0]
17981,[0]
17990,[0]
17994,[0]
17997,[0]
18000,[0]
18001,[0]
18009,[0]
18013,[0]
18015,[0]
18016,[0]
18019,[0]
18026,[0]
18034,[0]
18039,[0]
18041,[0]
18047,[0]
18049,[0]
18054,[0]
18055,[0]
18065,[0]
18066,[0]
18067,[0]
18068,[0]
18079,[0]
18091,[0]
18095,[0]
18096,[0]
18104,[0]
18108,[0]
18113,[0]
18114,[0]
18118,[0]
18121,[0]
18122,[0]
18126,[0]
18127,[0]
18128,[0]
18132,[0]
18134,[0]
18138,[0]
18140,[0]
18141,[0]
18143,[0]
18145,[0]
18146,[0]
18147,[0]
18151,[0]
18155,[0]
18161,[0]
18165,[0]
18169,[0]
18173,[0]
18175,[0]
18189,[0]
18191,[0]
18192,[0]
18195,[0]
18196,[0]
18198,[0]
18205,[0]
18207,[0]
18209,[0]
18222,[0]
18229,[0]
18237,[0]
18238,[0]
18239,[0]
18241,[0]
18247,[0]
18251,[0]
18254,[0]
18258,[0]
18262,[0]
18263,[0]
18265,[0]
18267,[0]
18269,[0]
18274,[0]
18278,[0]
18281,[0]
18286,[0]
18292,[0]
18296,[0]
18298,[0]
18299,[0]
18301,[0]
18302,[0]
18303,[0]
18312,[0]
18315,[0]
18321,[0]
18323,[0]
18324,[0]
18331,[0]
18332,[0]
18343,[0]
18345,[0]
18348,[0]
18349,[0]
18352,[0]
18353,[0]
18363,[0]
18367,[0]
18368,[0]
18370,[0]
18373,[0]
18385,[0]
18386,[0]
18388,[0]
18389,[0]
18395,[0]
18405,[0]
18410,[0]
18419,[0]
18421,[0]
18427,[0]
18428,[0]
18436,[0]
18439,[0]
18445,[0]
18452,[0]
18455,[0]
18464,[0]
18465,[0]
18467,[0]
18470,[0]
18471,[0]
18472,[0]
18474,[0]
18479,[0]
18486,[0]
18494,[0]
18495,[0]
18496,[0]
18498,[0]
18506,[0]
18510,[0]
18516,[0]
18518,[0]
18519,[0]
18524,[0]
18526,[0]
18530,[0]
18532,[0]
18537,[0]
18539,[0]
18541,[0]
18542,[0]
18543,[0]
18548,[0]
18550,[0]
18551,[0]
18564,[0]
18565,[0]
18569,[0]
18570,[0]
18572,[0]
18573,[0]
18582,[0]
18595,[0]
18601,[0]
18606,[0]
18607,[0]
18627,[0]
18630,[0]
18632,[0]
18637,[0]
18638,[0]
18639,[0]
18642,[0]
18644,[0]
18645,[0]
18646,[0]
18649,[0]
18651,[0]
18656,[0]
18657,[0]
18662,[0]
18663,[0]
18667,[0]
18668,[0]
18669,[0]
18677,[0]
18681,[0]
18682,[0]
18683,[0]
18685,[0]
18691,[0]
18697,[0]
18698,[0]
18702,[0]
18705,[0]
18706,[0]
18710,[0]
18713,[0]
18717,[0]
18725,[0]
18731,[0]
18738,[0]
18742,[0]
18745,[0]
18748,[0]
18756,[0]
18760,[0]
18761,[0]
18765,[0]
18771,[0]
18774,[0]
18779,[0]
18792,[0]
18796,[0]
18797,[0]
18798,[0]
18802,[0]
18806,[0]
18811,[0]
18812,[0]
18813,[0]
18814,[0]
18827,[0]
18835,[0]
18839,[0]
18846,[0]
18847,[0]
18850,[0]
18853,[0]
18856,[0]
18857,[0]
18858,[0]
18860,[0]
18864,[0]
18865,[0]
18866,[0]
18867,[0]
18875,[0]
18880,[0]
18884,[0]
18885,[0]
18886,[0]
18888,[0]
18889,[0]
18894,[0]
18896,[0]
18898,[0]
18899,[0]
18901,[0]
18902,[0]
18906,[0]
18907,[0]
18909,[0]
18917,[0]
18919,[0]
18921,[0]
18924,[0]
18925,[0]
18928,[0]
18931,[0]
18933,[0]
18937,[0]
18938,[0]
18940,[0]
18941,[0]
18945,[0]
18952,[0]
18962,[0]
18963,[0]
18967,[0]
18968,[0]
18975,[0]
18982,[0]
18984,[0]
18990,[0]
18992,[0]
18994,[0]
18996,[0]
18997,[0]
19001,[0]
19003,[0]
19009,[0]
19010,[0]
19015,[0]
19019,[0]
19024,[0]
19026,[0]
19034,[0]
19035,[0]
19037,[0]
19039,[0]
19041,[0]
19044,[0]
19050,[0]
19051,[0]
19054,[0]
19055,[0]
19056,[0]
19060,[0]
19061,[0]
19062,[0]
19066,[0]
19070,[0]
19071,[0]
19072,[0]
19074,[0]
19077,[0]
19078,[0]
19081,[0]
19083,[0]
19087,[0]
19090,[0]
19092,[0]
19099,[0]
19100,[0]
19112,[0]
19114,[0]
19136,[0]
19138,[0]
19141,[0]
19142,[0]
19151,[0]
19160,[0]
19163,[0]
19180,[0]
19181,[0]
19186,[0]
19187,[0]
19189,[0]
19190,[0]
19193,[0]
19201,[0]
19203,[0]
19204,[0]
19205,[0]
19215,[0]
19221,[0]
19228,[0]
19229,[0]
19233,[0]
19235,[0]
19238,[0]
19245,[0]
19254,[0]
19255,[0]
19265,[0]
19266,[0]
19270,[0]
19272,[0]
19275,[0]
19276,[0]
19281,[0]
19283,[0]
19284,[0]
19286,[0]
19290,[0]
19291,[0]
19293,[0]
19295,[0]
19300,[0]
19302,[0]
19306,[0]
19308,[0]
19311,[0]
19312,[0]
19316,[0]
19326,[0]
19329,[0]
19337,[0]
19341,[0]
19343,[0]
19358,[0]
19362,[0]
19364,[0]
19372,[0]
19376,[0]
19377,[0]
19386,[0]
19392,[0]
19394,[0]
19395,[0]
19399,[0]
19409,[0]
19417,[0]
19418,[0]
19421,[0]
19426,[0]
19435,[0]
19437,[0]
19438,[0]
19441,[0]
19442,[0]
19444,[0]
19446,[0]
19453,[0]
19460,[0]
19465,[0]
19471,[0]
19476,[0]
19479,[0]
19483,[0]
19485,[0]
19487,[0]
19489,[0]
19494,[0]
19509,[0]
19512,[0]
19519,[0]
19523,[0]
19528,[0]
19531,[0]
19534,[0]
19543,[0]
19547,[0]
19550,[0]
19551,[0]
19552,[0]
19558,[0]
19567,[0]
19571,[0]
19572,[0]
19573,[0]
19574,[0]
19578,[0]
19580,[0]
19581,[0]
19587,[0]
19595,[0]
19598,[0]
19602,[0]
19603,[0]
19605,[0]
19611,[0]
19614,[0]
19615,[0]
19617,[0]
19625,[0]
19629,[0]
19631,[0]
19633,[0]
19634,[0]
19635,[0]
19637,[0]
19641,[0]
19644,[0]
19651,[0]
19652,[0]
19653,[0]
19669,[0]
19673,[0]
19675,[0]
19686,[0]
19700,[0]
19704,[0]
19711,[0]
19713,[0]
19716,[0]
19719,[0]
19721,[0]
19722,[0]
19724,[0]
19725,[0]
19728,[0]
19736,[0]
19741,[0]
19743,[0]
19746,[0]
19749,[0]
19750,[0]
19751,[0]
19753,[0]
19759,[0]
19760,[0]
19763,[0]
19764,[0]
19767,[0]
19782,[0]
19788,[0]
19789,[0]
19790,[0]
19791,[0]
19794,[0]
19795,[0]
19797,[0]
19798,[0]
19809,[0]
19811,[0]
19812,[0]
19820,[0]
19826,[0]
19829,[0]
19838,[0]
19845,[0]
19851,[0]
19856,[0]
19859,[0]
19862,[0]
19868,[0]
19869,[0]
19874,[0]
19875,[0]
19885,[0]
19890,[0]
19894,[0]
19898,[0]
19905,[0]
19920,[0]
19922,[0]
19925,[0]
19929,[0]
19930,[0]
19933,[0]
19935,[0]
19939,[0]
19943,[0]
19944,[0]
19945,[0]
19951,[0]
19952,[0]
19953,[0]
19954,[0]
19955,[0]
19963,[0]
19966,[0]
19969,[0]
19971,[0]
19979,[0]
19983,[0]
19984,[0]
19988,[0]
19993,[0]
19995,[0]
19997,[0]
19998,[0]
20001,[0]
20002,[0]
20006,[0]
20010,[0]
20015,[0]
20017,[0]
20021,[0]
20022,[0]
20026,[0]
20033,[0]
20037,[0]
20042,[0]
20044,[0]
20045,[0]
20047,[0]
20050,[0]
20055,[0]
20058,[0]
20059,[0]
20063,[0]
20066,[0]
20069,[0]
20070,[0]
20072,[0]
20073,[0]
20075,[0]
20077,[0]
20079,[0]
20089,[0]
20092,[0]
20093,[0]
20096,[0]
20101,[0]
20102,[0]
20105,[0]
20106,[0]
20113,[0]
20127,[0]
20134,[0]
20143,[0]
20144,[0]
20145,[0]
20146,[0]
20150,[0]
20154,[0]
20156,[0]
20158,[0]
20159,[0]
20160,[0]
20161,[0]
20162,[0]
20165,[0]
20168,[0]
20171,[0]
20183,[0]
20189,[0]
20191,[0]
20192,[0]
20195,[0]
20198,[0]
20200,[0]
20201,[0]
20205,[0]
20207,[0]
20212,[0]
20214,[0]
20216,[0]
20221,[0]
20223,[0]
20225,[0]
20226,[0]
20228,[0]
20229,[0]
20236,[0]
20237,[0]
20243,[0]
20246,[0]
20249,[0]
20251,[0]
20254,[0]
20256,[0]
20258,[0]
20268,[0]
20274,[0]
20275,[0]
20281,[0]
20298,[0]
20303,[0]
20306,[0]
20308,[0]
20309,[0]
20312,[0]
20315,[0]
20319,[0]
20327,[0]
20328,[0]
20332,[0]
20335,[0]
20336,[0]
20337,[0]
20339,[0]
20346,[0]
20351,[0]
20358,[0]
20363,[0]
20371,[0]
20384,[0]
20389,[0]
20393,[0]
20397,[0]
20398,[0]
20400,[0]
20410,[0]
20412,[0]
20416,[0]
20422,[0]
20425,[0]
20426,[0]
20434,[0]
20440,[0]
20445,[0]
20448,[0]
20449,[0]
20450,[0]
20452,[0]
20453,[0]
20458,[0]
20459,[0]
20460,[0]
20461,[0]
20462,[0]
20467,[0]
20472,[0]
20474,[0]
20480,[0]
20483,[0]
20484,[0]
20492,[0]
20493,[0]
20496,[0]
20498,[0]
20500,[0]
20502,[0]
20506,[0]
20508,[0]
20510,[0]
20513,[0]
20515,[0]
20516,[0]
20519,[0]
20524,[0]
20525,[0]
20542,[0]
20547,[0]
20548,[0]
20550,[0]
20562,[0]
20573,[0]
20579,[0]
20580,[0]
20581,[0]
20585,[0]
20586,[0]
20587,[0]
20589,[0]
20590,[0]
20592,[0]
20596,[0]
20597,[0]
20599,[0]
20605,[0]
20611,[0]
20612,[0]
20614,[0]
20618,[0]
20620,[0]
20621,[0]
20624,[0]
20627,[0]
20630,[0]
20632,[0]
20635,[0]
20637,[0]
20638,[0]
20639,[0]
20641,[0]
20644,[0]
20648,[0]
20651,[0]
20654,[0]
20658,[0]
20660,[0]
20661,[0]
20662,[0]
20666,[0]
20669,[0]
20674,[0]
20682,[0]
20683,[0]
20692,[0]
20696,[0]
20697,[0]
20706,[0]
20707,[0]
20708,[0]
20709,[0]
20710,[0]
20711,[0]
20713,[0]
20714,[0]
20715,[0]
20718,[0]
20719,[0]
20722,[0]
20723,[0]
20726,[0]
20728,[0]
20735,[0]
20736,[0]
20738,[0]
20740,[0]
20746,[0]
20749,[0]
20751,[0]
20759,[0]
20763,[0]
20764,[0]
20765,[0]
20766,[0]
20767,[0]
20773,[0]
20778,[0]
20786,[0]
20789,[0]
20798,[0]
20799,[0]
20807,[0]
20808,[0]
20816,[0]
20817,[0]
20818,[0]
20824,[0]
20832,[0]
20840,[0]
20841,[0]
20848,[0]
20853,[0]
20856,[0]
20857,[0]
20863,[0]
20870,[0]
20871,[0]
20873,[0]
20876,[0]
20878,[0]
20879,[0]
20880,[0]
20887,[0]
20892,[0]
20895,[0]
20896,[0]
20901,[0]
20902,[0]
20908,[0]
20913,[0]
20914,[0]
20917,[0]
20918,[0]
20921,[0]
20923,[0]
20930,[0]
20937,[0]
20939,[0]
20944,[0]
20948,[0]
20949,[0]
20950,[0]
20970,[0]
20976,[0]
20977,[0]
20983,[0]
20988,[0]
20990,[0]
20992,[0]
21001,[0]
21005,[0]
21008,[0]
21011,[0]
21019,[0]
21022,[0]
21033,[0]
21038,[0]
21040,[0]
21043,[0]
21048,[0]
21051,[0]
21052,[0]
21057,[0]
21059,[0]
21071,[0]
21072,[0]
21080,[0]
21085,[0]
21091,[0]
21092,[0]
21093,[0]
21094,[0]
21098,[0]
21099,[0]
21102,[0]
21108,[0]
21110,[0]
21114,[0]
21118,[0]
21123,[0]
21124,[0]
21127,[0]
21128,[0]
21129,[0]
21132,[0]
21134,[0]
21137,[0]
21138,[0]
21145,[0]
21147,[0]
21150,[0]
21155,[0]
21157,[0]
21167,[0]
21169,[0]
21179,[0]
21181,[0]
21182,[0]
21183,[0]
21184,[0]
21185,[0]
21191,[0]
21193,[0]
21199,[0]
21202,[0]
21205,[0]
21206,[0]
21210,[0]
21213,[0]
21220,[0]
21224,[0]
21225,[0]
21226,[0]
21228,[0]
21229,[0]
21231,[0]
21232,[0]
21235,[0]
21240,[0]
21241,[0]
21242,[0]
21245,[0]
21248,[0]
21254,[0]
21260,[0]
21267,[0]
21268,[0]
21270,[0]
21276,[0]
21280,[0]
21281,[0]
21286,[0]
21289,[0]
21294,[0]
21295,[0]
21296,[0]
21301,[0]
21312,[0]
21313,[0]
21317,[0]
21318,[0]
21323,[0]
21327,[0]
21329,[0]
21337,[0]
21341,[0]
21343,[0]
21344,[0]
21352,[0]
21355,[0]
21357,[0]
21360,[0]
21362,[0]
21365,[0]
21366,[0]
21367,[0]
21370,[0]
21378,[0]
21380,[0]
21381,[0]
21383,[0]
21396,[0]
21402,[0]
21404,[0]
21410,[0]
21415,[0]
21416,[0]
21418,[0]
21420,[0]
21427,[0]
21428,[0]
21433,[0]
21434,[0]
21435,[0]
21437,[0]
21438,[0]
21441,[0]
21442,[0]
21445,[0]
21447,[0]
21453,[0]
21458,[0]
21464,[0]
21472,[0]
21474,[0]
21477,[0]
21478,[0]
21480,[0]
21487,[0]
21491,[0]
21505,[0]
21509,[0]
21511,[0]
21515,[0]
21517,[0]
21522,[0]
21525,[0]
21537,[0]
21538,[0]
21539,[0]
21540,[0]
21541,[0]
21545,[0]
21547,[0]
21548,[0]
21555,[0]
21558,[0]
21559,[0]
21561,[0]
21563,[0]
21567,[0]
21569,[0]
21570,[0]
21572,[0]
21574,[0]
21585,[0]
21587,[0]
21588,[0]
21589,[0]
21590,[0]
21595,[0]
21598,[0]
21602,[0]
21605,[0]
21609,[0]
21611,[0]
21612,[0]
21614,[0]
21631,[0]
21636,[0]
21642,[0]
21648,[0]
21649,[0]
21652,[0]
21655,[0]
21661,[0]
21667,[0]
21670,[0]
21687,[0]
21695,[0]
21703,[0]
21710,[0]
21712,[0]
21713,[0]
21714,[0]
21716,[0]
21721,[0]
21724,[0]
21730,[0]
21731,[0]
21732,[0]
21748,[0]
21749,[0]
21761,[0]
21766,[0]
21767,[0]
21771,[0]
21784,[0]
21787,[0]
21788,[0]
21791,[0]
21797,[0]
21802,[0]
21809,[0]
21813,[0]
21816,[0]
21835,[0]
21836,[0]
21838,[0]
21840,[0]
21841,[0]
21847,[0]
21855,[0]
21858,[0]
21861,[0]
21867,[0]
21872,[0]
21873,[0]
21875,[0]
21877,[0]
21892,[0]
21895,[0]
21896,[0]
21905,[0]
21907,[0]
21911,[0]
21914,[0]
21919,[0]
21920,[0]
21921,[0]
21928,[0]
21932,[0]
21937,[0]
21938,[0]
21941,[0]
21944,[0]
21952,[0]
21953,[0]
21968,[0]
21969,[0]
21974,[0]
21975,[0]
21979,[0]
21981,[0]
21985,[0]
21986,[0]
21989,[0]
21990,[0]
21991,[0]
21992,[0]
21993,[0]
21996,[0]
21998,[0]
22007,[0]
22009,[0]
22010,[0]
22020,[0]
22023,[0]
22026,[0]
22035,[0]
22038,[0]
22043,[0]
22045,[0]
22051,[0]
22052,[0]
22055,[0]
22056,[0]
22058,[0]
22059,[0]
22062,[0]
22067,[0]
22068,[0]
22081,[0]
22086,[0]
22088,[0]
22090,[0]
22091,[0]
22095,[0]
22098,[0]
22100,[0]
22101,[0]
22104,[0]
22110,[0]
22111,[0]
22118,[0]
22119,[0]
22121,[0]
22126,[0]
22135,[0]
22141,[0]
22142,[0]
22143,[0]
22149,[0]
22151,[0]
22152,[0]
22156,[0]
22159,[0]
22160,[0]
22162,[0]
22163,[0]
22164,[0]
22165,[0]
22166,[0]
22174,[0]
22179,[0]
22180,[0]
22185,[0]
22188,[0]
22193,[0]
22194,[0]
22196,[0]
22198,[0]
22200,[0]
22201,[0]
22204,[0]
22208,[0]
22210,[0]
22212,[0]
22213,[0]
22216,[0]
22218,[0]
22219,[0]
22221,[0]
22224,[0]
22227,[0]
22233,[0]
22241,[0]
22243,[0]
22246,[0]
22256,[0]
22258,[0]
22260,[0]
22263,[0]
22264,[0]
22267,[0]
22275,[0]
22281,[0]
22292,[0]
22295,[0]
22296,[0]
22299,[0]
22300,[0]
22304,[0]
22306,[0]
22307,[0]
22308,[0]
22311,[0]
22315,[0]
22317,[0]
22319,[0]
22320,[0]
22323,[0]
22325,[0]
22327,[0]
22334,[0]
22339,[0]
22344,[0]
22347,[0]
22348,[0]
22349,[0]
22350,[0]
22351,[0]
22359,[0]
22360,[0]
22362,[0]
22364,[0]
22368,[0]
22370,[0]
22373,[0]
22377,[0]
22381,[0]
22384,[0]
22385,[0]
22388,[0]
22391,[0]
22397,[0]
22399,[0]
22401,[0]
22403,[0]
22404,[0]
22406,[0]
22407,[0]
22413,[0]
22414,[0]
22419,[0]
22423,[0]
22428,[0]
22430,[0]
22432,[0]
22433,[0]
22440,[0]
22444,[0]
22449,[0]
22450,[0]
22453,[0]
22466,[0]
22467,[0]
22470,[0]
22473,[0]
22480,[0]
22481,[0]
22484,[0]
22485,[0]
22488,[0]
22489,[0]
22490,[0]
22493,[0]
22496,[0]
22498,[0]
22506,[0]
22507,[0]
22508,[0]
22509,[0]
22511,[0]
22518,[0]
22521,[0]
22524,[0]
22525,[0]
22529,[0]
22531,[0]
22533,[0]
22535,[0]
22537,[0]
22540,[0]
22543,[0]
22553,[0]
22560,[0]
22563,[0]
22566,[0]
22568,[0]
22573,[0]
22574,[0]
22576,[0]
22580,[0]
22584,[0]
22585,[0]
22586,[0]
22587,[0]
22596,[0]
22598,[0]
22599,[0]
22600,[0]
22601,[0]
22602,[0]
22611,[0]
22613,[0]
22616,[0]
22620,[0]
22624,[0]
22627,[0]
22633,[0]
22634,[0]
22658,[0]
22667,[0]
22673,[0]
22679,[0]
22680,[0]
22692,[0]
22693,[0]
22697,[0]
22703,[0]
22708,[0]
22711,[0]
22712,[0]
22719,[0]
22720,[0]
22727,[0]
22728,[0]
22729,[0]
22730,[0]
22731,[0]
22735,[0]
22737,[0]
22738,[0]
22741,[0]
22742,[0]
22747,[0]
22750,[0]
22753,[0]
22754,[0]
22762,[0]
22768,[0]
22769,[0]
22770,[0]
22772,[0]
22775,[0]
22778,[0]
22779,[0]
22781,[0]
22783,[0]
22790,[0]
22795,[0]
22798,[0]
22803,[0]
22806,[0]
22812,[0]
22817,[0]
22819,[0]
22824,[0]
22828,[0]
22832,[0]
22835,[0]
22838,[0]
22844,[0]
22847,[0]
22852,[0]
22854,[0]
22858,[0]
22865,[0]
22866,[0]
22867,[0]
22871,[0]
22874,[0]
22875,[0]
22881,[0]
22884,[0]
22885,[0]
22889,[0]
22890,[0]
22893,[0]
22896,[0]
22899,[0]
22900,[0]
22913,[0]
22914,[0]
22918,[0]
22921,[0]
22922,[0]
22924,[0]
22931,[0]
22934,[0]
22936,[0]
22940,[0]
22942,[0]
22943,[0]
22948,[0]
22950,[0]
22952,[0]
22956,[0]
22957,[0]
22961,[0]
22964,[0]
22972,[0]
22974,[0]
22981,[0]
22982,[0]
22983,[0]
22988,[0]
22997,[0]
23006,[0]
23011,[0]
23014,[0]
23015,[0]
23018,[0]
23020,[0]
23022,[0]
23025,[0]
23028,[0]
23029,[0]
23031,[0]
23032,[0]
23033,[0]
23034,[0]
23039,[0]
23040,[0]
23046,[0]
23049,[0]
23060,[0]
23063,[0]
23066,[0]
23068,[0]
23075,[0]
23081,[0]
23096,[0]
23099,[0]
23103,[0]
23105,[0]
23109,[0]
23111,[0]
23113,[0]
23119,[0]
23123,[0]
23124,[0]
23125,[0]
23132,[0]
23134,[0]
23144,[0]
23147,[0]
23148,[0]
23150,[0]
23156,[0]
23157,[0]
23163,[0]
23164,[0]
23165,[0]
23166,[0]
23167,[0]
23168,[0]
23172,[0]
23175,[0]
23176,[0]
23178,[0]
23179,[0]
23181,[0]
23183,[0]
23189,[0]
23190,[0]
23196,[0]
23197,[0]
23198,[0]
23200,[0]
23211,[0]
23214,[0]
23216,[0]
23226,[0]
23233,[0]
23239,[0]
23241,[0]
23243,[0]
23248,[0]
23249,[0]
23251,[0]
23253,[0]
23263,[0]
23267,[0]
23268,[0]
23272,[0]
23277,[0]
23278,[0]
23281,[0]
23282,[0]
23286,[0]
23292,[0]
23301,[0]
23303,[0]
23313,[0]
23317,[0]
23322,[0]
23324,[0]
23325,[0]
23333,[0]
23334,[0]
23335,[0]
23337,[0]
23348,[0]
23350,[0]
23355,[0]
23356,[0]
23372,[0]
23374,[0]
23380,[0]
23387,[0]
23393,[0]
23394,[0]
23399,[0]
23402,[0]
23407,[0]
23408,[0]
23409,[0]
23410,[0]
23414,[0]
23415,[0]
23419,[0]
23429,[0]
23435,[0]
23438,[0]
23441,[0]
23446,[0]
23448,[0]
23453,[0]
23454,[0]
23460,[0]
23461,[0]
23466,[0]
23468,[0]
23476,[0]
23477,[0]
23481,[0]
23482,[0]
23485,[0]
23487,[0]
23489,[0]
23499,[0]
23507,[0]
23508,[0]
23519,[0]
23520,[0]
23521,[0]
23524,[0]
23526,[0]
23527,[0]
23528,[0]
23533,[0]
23537,[0]
23538,[0]
23545,[0]
23547,[0]
23549,[0]
23550,[0]
23551,[0]
23557,[0]
23558,[0]
23566,[0]
23584,[0]
23590,[0]
23595,[0]
23600,[0]
23601,[0]
23605,[0]
23606,[0]
23617,[0]
23636,[0]
23640,[0]
23645,[0]
23649,[0]
23650,[0]
23651,[0]
23654,[0]
23660,[0]
23661,[0]
23662,[0]
23669,[0]
23677,[0]
23678,[0]
23682,[0]
23688,[0]
23701,[0]
23702,[0]
23704,[0]
23712,[0]
23716,[0]
23718,[0]
23719,[0]
23720,[0]
23721,[0]
23722,[0]
23735,[0]
23738,[0]
23739,[0]
23740,[0]
23758,[0]
23766,[0]
23767,[0]
23772,[0]
23776,[0]
23781,[0]
23784,[0]
23788,[0]
23791,[0]
23804,[0]
23805,[0]
23815,[0]
23817,[0]
23819,[0]
23826,[0]
23829,[0]
23832,[0]
23834,[0]
23850,[0]
23852,[0]
23853,[0]
23857,[0]
23858,[0]
23870,[0]
23877,[0]
23878,[0]
23882,[0]
23893,[0]
23909,[0]
23910,[0]
23913,[0]
23915,[0]
23922,[0]
23923,[0]
23925,[0]
23937,[0]
23948,[0]
23957,[0]
23959,[0]
23962,[0]
23963,[0]
23972,[0]
23983,[0]
23989,[0]
23995,[0]
23998,[0]
23999,[0]
24007,[0]
24021,[0]
24022,[0]
24027,[0]
24030,[0]
24033,[0]
24035,[0]
24039,[0]
24041,[0]
24042,[0]
24049,[0]
24059,[0]
24061,[0]
24066,[0]
24068,[0]
24071,[0]
24073,[0]
24075,[0]
24076,[0]
24081,[0]
24082,[0]
24083,[0]
24091,[0]
24099,[0]
24100,[0]
24101,[0]
24102,[0]
24111,[0]
24116,[0]
24117,[0]
24127,[0]
24128,[0]
24136,[0]
24146,[0]
24148,[0]
24153,[0]
24155,[0]
24162,[0]
24165,[0]
24171,[0]
24182,[0]
24187,[0]
24196,[0]
24199,[0]
24201,[0]
24202,[0]
24205,[0]
24207,[0]
24208,[0]
24216,[0]
24218,[0]
24219,[0]
24225,[0]
24226,[0]
24228,[0]
24230,[0]
24234,[0]
24247,[0]
24256,[0]
24259,[0]
24266,[0]
24268,[0]
24275,[0]
24276,[0]
24277,[0]
24281,[0]
24283,[0]
24285,[0]
24299,[0]
24302,[0]
24309,[0]
24315,[0]
24318,[0]
24326,[0]
24332,[0]
24334,[0]
24342,[0]
24353,[0]
24358,[0]
24360,[0]
24361,[0]
24364,[0]
24367,[0]
24374,[0]
24380,[0]
24383,[0]
24391,[0]
24400,[0]
24403,[0]
24404,[0]
24407,[0]
24414,[0]
24415,[0]
24417,[0]
24437,[0]
24447,[0]
24463,[0]
24465,[0]
24468,[0]
24471,[0]
24474,[0]
24476,[0]
24481,[0]
24487,[0]
24497,[0]
24506,[0]
24507,[0]
24511,[0]
24513,[0]
24514,[0]
24523,[0]
24536,[0]
24537,[0]
24544,[0]
24546,[0]
24557,[0]
24560,[0]
24562,[0]
24573,[0]
24585,[0]
24586,[0]
24588,[0]
24590,[0]
24595,[0]
24600,[0]
24603,[0]
24604,[0]
24608,[0]
24611,[0]
24613,[0]
24628,[0]
24631,[0]
24632,[0]
24639,[0]
24640,[0]
24645,[0]
24651,[0]
24654,[0]
24660,[0]
24661,[0]
24662,[0]
24663,[0]
24664,[0]
24667,[0]
24670,[0]
24671,[0]
24674,[0]
24677,[0]
24680,[0]
24681,[0]
24682,[0]
24690,[0]
24691,[0]
24695,[0]
24697,[0]
24699,[0]
24701,[0]
24710,[0]
24713,[0]
24714,[0]
24723,[0]
24724,[0]
24736,[0]
24743,[0]
24755,[0]
24756,[0]
24763,[0]
24764,[0]
24765,[0]
24769,[0]
24771,[0]
24773,[0]
24775,[0]
24778,[0]
24783,[0]
24785,[0]
24791,[0]
24795,[0]
24804,[0]
24805,[0]
24807,[0]
24810,[0]
24811,[0]
24821,[0]
24822,[0]
24825,[0]
24828,[0]
24832,[0]
24834,[0]
24836,[0]
24841,[0]
24846,[0]
24847,[0]
24851,[0]
24853,[0]
24855,[0]
24865,[0]
24875,[0]
24879,[0]
24881,[0]
24882,[0]
24883,[0]
24887,[0]
24897,[0]
24898,[0]
24907,[0]
24909,[0]
24910,[0]
24915,[0]
24919,[0]
24931,[0]
24932,[0]
24936,[0]
24937,[0]
24943,[0]
24946,[0]
24951,[0]
24953,[0]
24954,[0]
24964,[0]
24968,[0]
24969,[0]
24980,[0]
24981,[0]
24985,[0]
24989,[0]
24998,[0]
25002,[0]
25010,[0]
25011,[0]
25013,[0]
25016,[0]
25022,[0]
25024,[0]
25051,[0]
25052,[0]
25056,[0]
25059,[0]
25062,[0]
25067,[0]
25076,[0]
25079,[0]
25083,[0]
25085,[0]
25086,[0]
25094,[0]
25095,[0]
25099,[0]
25106,[0]
25107,[0]
25111,[0]
25116,[0]
25118,[0]
25126,[0]
25127,[0]
25143,[0]
25146,[0]
25149,[0]
25158,[0]
25160,[0]
25164,[0]
25165,[0]
25167,[0]
25168,[0]
25174,[0]
25188,[0]
25190,[0]
25192,[0]
25198,[0]
25201,[0]
25205,[0]
25211,[0]
25213,[0]
25214,[0]
25217,[0]
25224,[0]
25226,[0]
25229,[0]
25239,[0]
25240,[0]
25241,[0]
25252,[0]
25253,[0]
25254,[0]
25259,[0]
25262,[0]
25263,[0]
25272,[0]
25273,[0]
25277,[0]
25280,[0]
25281,[0]
25283,[0]
25291,[0]
25294,[0]
25306,[0]
25308,[0]
25312,[0]
25315,[0]
25322,[0]
25351,[0]
25356,[0]
25362,[0]
25370,[0]
25377,[0]
25379,[0]
25381,[0]
25383,[0]
25384,[0]
25386,[0]
25391,[0]
25394,[0]
25395,[0]
25397,[0]
25401,[0]
25416,[0]
25421,[0]
25429,[0]
25431,[0]
25436,[0]
25438,[0]
25445,[0]
25447,[0]
25448,[0]
25452,[0]
25456,[0]
25460,[0]
25461,[0]
25468,[0]
25474,[0]
25475,[0]
25491,[0]
25496,[0]
25499,[0]
25500,[0]
25501,[0]
25503,[0]
25507,[0]
25508,[0]
25512,[0]
25517,[0]
25520,[0]
25521,[0]
25523,[0]
25530,[0]
25535,[0]
25545,[0]
25548,[0]
25551,[0]
25553,[0]
25554,[0]
25557,[0]
25559,[0]
25560,[0]
25570,[0]
25572,[0]
25574,[0]
25576,[0]
25577,[0]
25581,[0]
25582,[0]
25587,[0]
25588,[0]
25596,[0]
25602,[0]
25605,[0]
25613,[0]
25614,[0]
25624,[0]
25625,[0]
25627,[0]
25628,[0]
25629,[0]
25630,[0]
25637,[0]
25640,[0]
25643,[0]
25647,[0]
25649,[0]
25652,[0]
25654,[0]
25660,[0]
25665,[0]
25666,[0]
25667,[0]
25670,[0]
25674,[0]
25681,[0]
25686,[0]
25687,[0]
25692,[0]
25695,[0]
25706,[0]
25709,[0]
25712,[0]
25724,[0]
25728,[0]
25729,[0]
25730,[0]
25739,[0]
25744,[0]
25747,[0]
25748,[0]
25750,[0]
25753,[0]
25754,[0]
25761,[0]
25764,[0]
25765,[0]
25770,[0]
25772,[0]
25774,[0]
25779,[0]
25784,[0]
25792,[0]
25794,[0]
25801,[0]
25804,[0]
25814,[0]
25819,[0]
25822,[0]
25824,[0]
25825,[0]
25827,[0]
25828,[0]
25831,[0]
25835,[0]
25836,[0]
25840,[0]
25841,[0]
25844,[0]
25847,[0]
25849,[0]
25853,[0]
25855,[0]
25856,[0]
25858,[0]
25860,[0]
25861,[0]
25865,[0]
25866,[0]
25868,[0]
25871,[0]
25873,[0]
25877,[0]
25882,[0]
25894,[0]
25898,[0]
25899,[0]
25901,[0]
25905,[0]
25910,[0]
25914,[0]
25915,[0]
25919,[0]
25927,[0]
25933,[0]
25935,[0]
25936,[0]
25938,[0]
25941,[0]
25943,[0]
25949,[0]
25952,[0]
25956,[0]
25959,[0]
25967,[0]
25973,[0]
25974,[0]
25980,[0]
25985,[0]
25986,[0]
25990,[0]
25994,[0]
26001,[0]
26007,[0]
26009,[0]
26020,[0]
26022,[0]
26027,[0]
26040,[0]
26047,[0]
26048,[0]
26049,[0]
26053,[0]
26055,[0]
26057,[0]
26066,[0]
26067,[0]
26072,[0]
26081,[0]
26082,[0]
26091,[0]
26097,[0]
26101,[0]
26102,[0]
26108,[0]
26119,[0]
26120,[0]
26121,[0]
26124,[0]
26130,[0]
26133,[0]
26139,[0]
26140,[0]
26141,[0]
26147,[0]
26148,[0]
26150,[0]
26153,[0]
26163,[0]
26175,[0]
26176,[0]
26178,[0]
26187,[0]
26191,[0]
26212,[0]
26227,[0]
26228,[0]
26229,[0]
26239,[0]
26245,[0]
26246,[0]
26251,[0]
26255,[0]
26270,[0]
26272,[0]
26273,[0]
26276,[0]
26278,[0]
26281,[0]
26296,[0]
26301,[0]
26311,[0]
26312,[0]
26320,[0]
26323,[0]
26339,[0]
26343,[0]
26344,[0]
26345,[0]
26349,[0]
26350,[0]
26354,[0]
26358,[0]
26370,[0]
26379,[0]
26380,[0]
26381,[0]
26385,[0]
26388,[0]
26389,[0]
26396,[0]
26402,[0]
26406,[0]
26414,[0]
26420,[0]
26429,[0]
26432,[0]
26435,[0]
26438,[0]
26441,[0]
26443,[0]
26463,[0]
26465,[0]
26466,[0]
26473,[0]
26478,[0]
26480,[0]
26485,[0]
26487,[0]
26488,[0]
26505,[0]
26507,[0]
26508,[0]
26523,[0]
26525,[0]
26529,[0]
26531,[0]
26537,[0]
26541,[0]
26543,[0]
26545,[0]
26552,[0]
26556,[0]
26568,[0]
26570,[0]
26571,[0]
26572,[0]
26577,[0]
26585,[0]
26591,[0]
26596,[0]
26598,[0]
26603,[0]
26618,[0]
26621,[0]
26625,[0]
26637,[0]
26639,[0]
26642,[0]
26643,[0]
26645,[0]
26657,[0]
26660,[0]
26666,[0]
26673,[0]
26676,[0]
26679,[0]
26681,[0]
26682,[0]
26683,[0]
26684,[0]
26685,[0]
26688,[0]
26691,[0]
26702,[0]
26703,[0]
26704,[0]
26711,[0]
26716,[0]
26717,[0]
26720,[0]
26722,[0]
26723,[0]
26726,[0]
26727,[0]
26734,[0]
26736,[0]
26740,[0]
26752,[0]
26756,[0]
26758,[0]
26761,[0]
26769,[0]
26773,[0]
26775,[0]
26778,[0]
26779,[0]
26783,[0]
26784,[0]
26794,[0]
26797,[0]
26799,[0]
26801,[0]
26802,[0]
26803,[0]
26805,[0]
26812,[0]
26815,[0]
26816,[0]
26818,[0]
26828,[0]
26829,[0]
26830,[0]
26833,[0]
26836,[0]
26840,[0]
26845,[0]
26849,[0]
26855,[0]
26856,[0]
26858,[0]
26871,[0]
26900,[0]
26906,[0]
26910,[0]
26915,[0]
26916,[0]
26921,[0]
26926,[0]
26929,[0]
26935,[0]
26949,[0]
26951,[0]
26952,[0]
26953,[0]
26954,[0]
26961,[0]
26969,[0]
26971,[0]
26974,[0]
26979,[0]
26985,[0]
26987,[0]
26988,[0]
26990,[0]
27014,[0]
27016,[0]
27028,[0]
27029,[0]
27030,[0]
27031,[0]
27034,[0]
27035,[0]
27039,[0]
27041,[0]
27053,[0]
27060,[0]
27061,[0]
27062,[0]
27069,[0]
27074,[0]
27080,[0]
27081,[0]
27093,[0]
27100,[0]
27108,[0]
27110,[0]
27112,[0]
27113,[0]
27122,[0]
27133,[0]
27135,[0]
27137,[0]
27164,[0]
27166,[0]
27168,[0]
27170,[0]
27172,[0]
27186,[0]
27191,[0]
27196,[0]
27203,[0]
27206,[0]
27208,[0]
27211,[0]
27219,[0]
27223,[0]
27224,[0]
27234,[0]
27238,[0]
27243,[0]
27259,[0]
27264,[0]
27267,[0]
27268,[0]
27279,[0]
27281,[0]
27286,[0]
27290,[0]
27300,[0]
27302,[0]
27310,[0]
27312,[0]
27318,[0]
27324,[0]
27328,[0]
27330,[0]
27334,[0]
27341,[0]
27346,[0]
27350,[0]
27363,[0]
27365,[0]
27367,[0]
27370,[0]
27372,[0]
27374,[0]
27381,[0]
27391,[0]
27393,[0]
27395,[0]
27396,[0]
27397,[0]
27402,[0]
27404,[0]
27412,[0]
27415,[0]
27417,[0]
27420,[0]
27421,[0]
27428,[0]
27438,[0]
27439,[0]
27447,[0]
27448,[0]
27450,[0]
27452,[0]
27455,[0]
27456,[0]
27457,[0]
27459,[0]
27468,[0]
27469,[0]
27473,[0]
27474,[0]
27477,[0]
27479,[0]
27485,[0]
27491,[0]
27492,[0]
27494,[0]
27495,[0]
27496,[0]
27498,[0]
27503,[0]
27507,[0]
27508,[0]
27510,[0]
27512,[0]
27514,[0]
27515,[0]
27522,[0]
27532,[0]
27533,[0]
27541,[0]
27547,[0]
27550,[0]
27551,[0]
27552,[0]
27556,[0]
27557,[0]
27566,[0]
27567,[0]
27574,[0]
27578,[0]
27581,[0]
27584,[0]
27591,[0]
27597,[0]
27600,[0]
27609,[0]
27611,[0]
27616,[0]
27622,[0]
27627,[0]
27628,[0]
27640,[0]
27643,[0]
27649,[0]
27653,[0]
27654,[0]
27655,[0]
27662,[0]
27672,[0]
27673,[0]
27674,[0]
27678,[0]
27679,[0]
27681,[0]
27695,[0]
27700,[0]
27704,[0]
27709,[0]
27716,[0]
27717,[0]
27718,[0]
27719,[0]
27722,[0]
27726,[0]
27734,[0]
27735,[0]
27736,[0]
27739,[0]
27740,[0]
27743,[0]
27744,[0]
27755,[0]
27759,[0]
27773,[0]
27782,[0]
27790,[0]
27794,[0]
27796,[0]
27813,[0]
27822,[0]
27828,[0]
27830,[0]
27832,[0]
27836,[0]
27837,[0]
27855,[0]
27859,[0]
27865,[0]
27873,[0]
27875,[0]
27880,[0]
27882,[0]
27891,[0]
27894,[0]
27898,[0]
27908,[0]
27910,[0]
27915,[0]
27923,[0]
27925,[0]
27933,[0]
27938,[0]
27963,[0]
27968,[0]
27969,[0]
27982,[0]
27987,[0]
27999,[0]
28000,[0]
28001,[0]
28002,[0]
28015,[0]
28022,[0]
28026,[0]
28030,[0]
28031,[0]
28039,[0]
28049,[0]
28052,[0]
28062,[0]
28065,[0]
28075,[0]
28078,[0]
28082,[0]
28093,[0]
28094,[0]
28096,[0]
28098,[0]
28100,[0]
28106,[0]
28112,[0]
28113,[0]
28116,[0]
28117,[0]
28121,[0]
28125,[0]
28129,[0]
28130,[0]
28135,[0]
28136,[0]
28142,[0]
28145,[0]
28151,[0]
28152,[0]
28160,[0]
28167,[0]
28168,[0]
28170,[0]
28171,[0]
28181,[0]
28185,[0]
28201,[0]
28206,[0]
28212,[0]
28215,[0]
28218,[0]
28225,[0]
28231,[0]
28233,[0]
28237,[0]
28240,[0]
28244,[0]
28245,[0]
28246,[0]
28247,[0]
28255,[0]
28260,[0]
28265,[0]
28271,[0]
28274,[0]
28279,[0]
28285,[0]
28288,[0]
28290,[0]
28292,[0]
28295,[0]
28306,[0]
28307,[0]
28309,[0]
28312,[0]
28316,[0]
28320,[0]
28325,[0]
28326,[0]
28327,[0]
28328,[0]
28329,[0]
28331,[0]
28344,[0]
28352,[0]
28353,[0]
28360,[0]
28363,[0]
28364,[0]
28366,[0]
28367,[0]
28368,[0]
28370,[0]
28374,[0]
28375,[0]
28376,[0]
28377,[0]
28381,[0]
28382,[0]
28383,[0]
28385,[0]
28388,[0]
28389,[0]
28390,[0]
28391,[0]
28392,[0]
28394,[0]
28395,[0]
28396,[0]
28399,[0]
28400,[0]
28401,[0]
28402,[0]
28403,[0]
28405,[0]
28408,[0]
28411,[0]
28412,[0]
28415,[0]
28417,[0]
28420,[0]
28423,[0]
28424,[0]
28426,[0]
28429,[0]
28434,[0]
28435,[0]
28436,[0]
28437,[0]
28438,[0]
28441,[0]
28443,[0]
28449,[0]
28457,[0]
28458,[0]
28459,[0]
28465,[0]
28474,[0]
28476,[0]
28477,[0]
28483,[0]
28486,[0]
28487,[0]
28488,[0]
28490,[0]
28491,[0]
28492,[0]
28493,[0]
28495,[0]
28500,[0]
28501,[0]
28502,[0]
28505,[0]
28511,[0]
28516,[0]
28517,[0]
28519,[0]
28521,[0]
28524,[0]
28528,[0]
28534,[0]
28537,[0]
28540,[0]
28542,[0]
28544,[0]
28553,[0]
28554,[0]
28555,[0]
28557,[0]
28562,[0]
28567,[0]
28572,[0]
28575,[0]
28576,[0]
28577,[0]
28579,[0]
28583,[0]
28586,[0]
28587,[0]
28590,[0]
28595,[0]
28616,[0]
28627,[0]
28644,[0]
28648,[0]
28651,[0]
28654,[0]
28656,[0]
28657,[0]
28664,[0]
28671,[0]
28677,[0]
28678,[0]
28681,[0]
28684,[0]
28688,[0]
28691,[0]
28697,[0]
28698,[0]
28700,[0]
28702,[0]
28707,[0]
28709,[0]
28715,[0]
28716,[0]
28720,[0]
28727,[0]
28740,[0]
28741,[0]
28742,[0]
28759,[0]
28764,[0]
28766,[0]
28768,[0]
28769,[0]
28787,[0]
28797,[0]
28801,[0]
28802,[0]
28809,[0]
28816,[0]
28818,[0]
28821,[0]
28835,[0]
28872,[0]
28892,[0]
28894,[0]
28906,[0]
28977,[0]
30705,[0]
30706,[0]
30711,[0]
30712,[0]
30717,[0]
30721,[0]
30724,[0]
30732,[0]
30735,[0]
30736,[0]
30737,[0]
30740,[0]
30741,[0]
30742,[0]
30749,[0]
30755,[0]
30758,[0]
30766,[0]
30767,[0]
30771,[0]
30774,[0]
30775,[0]
30776,[0]
30779,[0]
30785,[0]
30788,[0]
30791,[0]
30795,[0]
30805,[0]
30809,[0]
30810,[0]
30811,[0]
30817,[0]
30818,[0]
30824,[0]
30826,[0]
30827,[0]
30830,[0]
30832,[0]
30840,[0]
30841,[0]
30843,[0]
30844,[0]
30846,[0]
30847,[0]
30850,[0]
30852,[0]
30856,[0]
30858,[0]
30859,[0]
30862,[0]
30865,[0]
30873,[0]
30876,[0]
30877,[0]
30883,[0]
30884,[0]
30889,[0]
30890,[0]
30896,[0]
30898,[0]
30904,[0]
30906,[0]
30909,[0]
30917,[0]
30922,[0]
30923,[0]
30925,[0]
30930,[0]
30934,[0]
30937,[0]
30940,[0]
30945,[0]
30947,[0]
30948,[0]
30951,[0]
30953,[0]
30955,[0]
30956,[0]
30959,[0]
30964,[0]
30965,[0]
30966,[0]
30971,[0]
30974,[0]
30975,[0]
30979,[0]
30982,[0]
30984,[0]
30986,[0]
30990,[0]
30992,[0]
30993,[0]
30994,[0]
30999,[0]
31002,[0]
31004,[0]
31014,[0]
31015,[0]
31018,[0]
31025,[0]
31026,[0]
31027,[0]
31035,[0]
31036,[0]
31037,[0]
31038,[0]
31043,[0]
31045,[0]
31047,[0]
31050,[0]
31051,[0]
31052,[0]
31053,[0]
31056,[0]
31057,[0]
31068,[0]
31073,[0]
31076,[0]
31087,[0]
31091,[0]
31093,[0]
31095,[0]
31099,[0]
31104,[0]
31106,[0]
31113,[0]
31115,[0]
31116,[0]
31119,[0]
31122,[0]
31124,[0]
31127,[0]
31130,[0]
31137,[0]
31144,[0]
31158,[0]
31172,[0]
31175,[0]
31185,[0]
31189,[0]
31198,[0]
31201,[0]
31203,[0]
31206,[0]
31207,[0]
31208,[0]
31211,[0]
31217,[0]
31222,[0]
31224,[0]
31236,[0]
31247,[0]
31251,[0]
31254,[0]
31256,[0]
31260,[0]
31261,[0]
31263,[0]
31264,[0]
31268,[0]
31270,[0]
31272,[0]
31276,[0]
31280,[0]
31282,[0]
31283,[0]
31284,[0]
31292,[0]
31293,[0]
31294,[0]
31296,[0]
31299,[0]
31305,[0]
31312,[0]
31315,[0]
31321,[0]
31323,[0]
31324,[0]
31326,[0]
31329,[0]
31331,[0]
31332,[0]
31334,[0]
31336,[0]
31339,[0]
31349,[0]
31351,[0]
31358,[0]
31359,[0]
31366,[0]
31369,[0]
31376,[0]
31378,[0]
31383,[0]
31387,[0]
31388,[0]
31391,[0]
31398,[0]
31411,[0]
31414,[0]
31425,[0]
31437,[0]
31438,[0]
31439,[0]
31442,[0]
31446,[0]
31448,[0]
31449,[0]
31451,[0]
31452,[0]
31453,[0]
31454,[0]
31460,[0]
31461,[0]
31463,[0]
31467,[0]
31474,[0]
31477,[0]
31481,[0]
31483,[0]
31484,[0]
31486,[0]
31490,[0]
31493,[0]
31495,[0]
31497,[0]
31501,[0]
31503,[0]
31507,[0]
31509,[0]
31511,[0]
31512,[0]
31517,[0]
31519,[0]
31521,[0]
31528,[0]
31531,[0]
31535,[0]
31541,[0]
31543,[0]
31548,[0]
31551,[0]
31555,[0]
31556,[0]
31557,[0]
31559,[0]
31560,[0]
31564,[0]
31567,[0]
31576,[0]
31580,[0]
31586,[0]
31587,[0]
31588,[0]
31590,[0]
31593,[0]
31596,[0]
31601,[0]
31602,[0]
31603,[0]
31604,[0]
31606,[0]
31608,[0]
31615,[0]
31625,[0]
31626,[0]
31629,[0]
31636,[0]
31638,[0]
31639,[0]
31644,[0]
31646,[0]
31653,[0]
31658,[0]
31660,[0]
31675,[0]
31678,[0]
31680,[0]
31683,[0]
31684,[0]
31685,[0]
31686,[0]
31688,[0]
31696,[0]
31697,[0]
31698,[0]
31700,[0]
31706,[0]
31709,[0]
31712,[0]
31718,[0]
31722,[0]
31725,[0]
31726,[0]
31729,[0]
31731,[0]
31741,[0]
31742,[0]
31749,[0]
31750,[0]
31760,[0]
31761,[0]
31766,[0]
31767,[0]
31770,[0]
31773,[0]
31780,[0]
31785,[0]
31786,[0]
31792,[0]
31798,[0]
31806,[0]
31809,[0]
31813,[0]
31827,[0]
31835,[0]
31837,[0]
31839,[0]
31868,[0]
31870,[0]
31871,[0]
31875,[0]
31878,[0]
31881,[0]
31882,[0]
31884,[0]
31894,[0]
31899,[0]
31903,[0]
31908,[0]
31911,[0]
31913,[0]
31920,[0]
31922,[0]
31923,[0]
31930,[0]
31932,[0]
31935,[0]
31936,[0]
31937,[0]
31938,[0]
31942,[0]
31944,[0]
31946,[0]
31951,[0]
31952,[0]
31960,[0]
31974,[0]
31981,[0]
31985,[0]
31989,[0]
31995,[0]
31996,[0]
32000,[0]
32004,[0]
32005,[0]
32010,[0]
32012,[0]
32013,[0]
32015,[0]
32021,[0]
32024,[0]
32026,[0]
32029,[0]
32031,[0]
32033,[0]
32034,[0]
32037,[0]
32038,[0]
32039,[0]
32043,[0]
32045,[0]
32048,[0]
32049,[0]
32051,[0]
32057,[0]
32060,[0]
32062,[0]
32064,[0]
32070,[0]
32072,[0]
32074,[0]
32075,[0]
32079,[0]
32080,[0]
32085,[0]
32089,[0]
32100,[0]
32108,[0]
32113,[0]
32116,[0]
32121,[0]
32123,[0]
32127,[0]
32130,[0]
32133,[0]
32136,[0]
32138,[0]
32139,[0]
32141,[0]
32142,[0]
32148,[0]
32149,[0]
32152,[0]
32157,[0]
32159,[0]
32162,[0]
32163,[0]
32168,[0]
32170,[0]
32178,[0]
32181,[0]
32184,[0]
32185,[0]
32189,[0]
32192,[0]
32193,[0]
32195,[0]
32197,[0]
32198,[0]
32199,[0]
32202,[0]
32203,[0]
32205,[0]
32207,[0]
32208,[0]
32210,[0]
32211,[0]
32212,[0]
32213,[0]
32214,[0]
32215,[0]
32216,[0]
32217,[0]
32220,[0]
32222,[0]
32229,[0]
32230,[0]
32231,[0]
32236,[0]
32239,[0]
32247,[0]
32250,[0]
32253,[0]
32255,[0]
32256,[0]
32260,[0]
32268,[0]
32272,[0]
32274,[0]
32276,[0]
32280,[0]
32282,[0]
32284,[0]
32287,[0]
32288,[0]
32291,[0]
32295,[0]
32302,[0]
32304,[0]
32306,[0]
32308,[0]
32310,[0]
32312,[0]
32313,[0]
32315,[0]
32317,[0]
32318,[0]
32322,[0]
32323,[0]
32325,[0]
32328,[0]
32329,[0]
32333,[0]
32335,[0]
32339,[0]
32340,[0]
32342,[0]
32343,[0]
32353,[0]
32356,[0]
32357,[0]
32361,[0]
32368,[0]
32369,[0]
32370,[0]
32376,[0]
32380,[0]
32386,[0]
32387,[0]
32390,[0]
32395,[0]
32399,[0]
32408,[0]
32410,[0]
32413,[0]
32414,[0]
32416,[0]
32418,[0]
32420,[0]
32424,[0]
32425,[0]
32429,[0]
32433,[0]
32443,[0]
32450,[0]
32456,[0]
32470,[0]
32473,[0]
32476,[0]
32477,[0]
32481,[0]
32483,[0]
32484,[0]
32485,[0]
32494,[0]
32495,[0]
32497,[0]
32504,[0]
32509,[0]
32516,[0]
32517,[0]
32525,[0]
32528,[0]
32529,[0]
32532,[0]
32533,[0]
32534,[0]
32540,[0]
32547,[0]
32549,[0]
32550,[0]
32551,[0]
32554,[0]
32555,[0]
32557,[0]
32558,[0]
32576,[0]
32583,[0]
32587,[0]
32589,[0]
32591,[0]
32592,[0]
32595,[0]
32598,[0]
32608,[0]
32611,[0]
32614,[0]
32620,[0]
32622,[0]
32623,[0]
32624,[0]
32627,[0]
32628,[0]
32631,[0]
32633,[0]
32634,[0]
32638,[0]
32644,[0]
32646,[0]
32647,[0]
32648,[0]
32649,[0]
32650,[0]
32652,[0]
32672,[0]
32678,[0]
32679,[0]
32684,[0]
32694,[0]
32699,[0]
32713,[0]
32714,[0]
32720,[0]
32722,[0]
32723,[0]
32725,[0]
32727,[0]
32729,[0]
32736,[0]
32744,[0]
32750,[0]
32759,[0]
32760,[0]
32762,[0]
32765,[0]
32766,[0]
32780,[0]
32788,[0]
32789,[0]
32791,[0]
32792,[0]
32798,[0]
32801,[0]
32807,[0]
32815,[0]
32817,[0]
32829,[0]
32831,[0]
32846,[0]
32849,[0]
32852,[0]
32854,[0]
32857,[0]
32858,[0]
32861,[0]
32862,[0]
32864,[0]
32867,[0]
32869,[0]
32877,[0]
32878,[0]
32882,[0]
32892,[0]
32896,[0]
32901,[0]
32903,[0]
32904,[0]
32908,[0]
32909,[0]
32918,[0]
32922,[0]
32927,[0]
32928,[0]
32934,[0]
32935,[0]
32936,[0]
32943,[0]
32944,[0]
32945,[0]
32946,[0]
32949,[0]
32950,[0]
32957,[0]
32962,[0]
32963,[0]
32965,[0]
32973,[0]
32974,[0]
32976,[0]
32978,[0]
32979,[0]
32982,[0]
32984,[0]
32994,[0]
32995,[0]
32998,[0]
33000,[0]
33011,[0]
33015,[0]
33016,[0]
33019,[0]
33022,[0]
33023,[0]
33026,[0]
33027,[0]
33032,[0]
